#,#,,,,エフェクトID,取得していないものは非表示,取得条件表示判定,,ステータスアップ,,,,,,,,,
#,#称号ID,ID文字列,称号名(全角32文字迄),取得条件 (全角128文字迄)…1行20文字なので</br>とか</br>で改行すること,,,取得していなくても、表示,指定称号IDを取得している場合のみ表示,,,能力値,,,,,,,
#,#,命名規則,１２３４５６７８９10１２３４５６７８９20１２３４５６７８９30１２,１２３４５６７８９10１２３４５６７８９20１２３４５６７８９30１２,,,,,HP,MP,STR,VIT,DEX,AGI,INT,PIE,LUC,
#,1,,2,,,,,,3,4,5,6,7,8,9,10,11,
#,1,2,3,4,5,6,7,8,9,10,11,12,13,14,15,16,17,
#テスト用,,,,,,,,,,,,,,,,,
#1000010,,百人斬り,モンスターを100匹討伐,,,,,,,5,,,,,,,
#1000015,,環境破壊主義,プラント系モンスターを50匹討伐,,,,,,,,,,33,22,,,
#1000020,,獣人を狩る者,獣人系モンスターを50匹討伐,,,,,,,,,,,,,,
#1000030,,ビーストハンター,獣系モンスターを50匹討伐,,,,,25,,,,,,,,,
#1000040,,マンイーター,人型系モンスターを50匹討伐,,,,,,,,,,,,,,
#1000050,,アンデッドハンター,アンデット系モンスターを50匹討伐,,,,,,,,,,,,,,
#1000060,,拳を極めし者,暗器の使用回数100回,,,,,,,,,,,,,,
#1000070,,ソードマン,片手剣の使用回数100回,,,,,,,,,,,,,,
#1000080,,達人,達成レベル50,,,,,,,,,,,,,,
#1000090,,称号効果テスト,称号効果のテスト・あああああああ長い文字列<item 50300902>色々文字列の長さテスト,,,,,16,,13,13,,,,,,
#1000100,,ログイン期間テスト,ログイン期間のテスト用,,,,,16,,13,13,,,,,,
#討伐,,,,,,,,,,,,,,,,,
10010101,AAB01,初級モンスターハンター,モンスターを1000匹討伐,,,1,,,,,,,,,,,
10010102,AAB02,モンスターハンター,モンスターを10000匹討伐,,,,10010101,,,,,,,,,,
10010103,AAB03,熟練モンスターハンター,モンスターを100000匹討伐,,,,10010102,,,,,,,,,,
10010104,AAB04,百万の返り血を浴びし者,モンスターを1000000匹討伐,,,,10010103,,,,,,,,,,
10010105,AAB05,討伐者,モンスターを10000000匹討伐,,,,10010104,,,,,,,,,,
#10020101,,狂犬狩り,囚人番号13番を50回討伐,,,,,,,,,,,,,,
10030101,AAD01,初級プラントハンター,プラント系モンスターを100匹討伐,,,1,,,,,,,,,,,
10030102,AAD02,中級プラントハンター,プラント系モンスターを500匹討伐,,,,10030101,,,,,,,,,,
10030103,AAD03,熟練プラントハンター,プラント系モンスターを1000匹討伐,,,,10030102,,,,,,,,,,
10030104,AAD04,プラントスレイヤー,プラント系モンスターを3000匹討伐,,,,10030103,,,,,,,,,,
10030105,AAD05,大自然を治めし者,プラント系モンスターを5000匹討伐,,,,10030104,,,,,,,,,,
10030106,AAD06,大地の意思,プラント系モンスターを20000匹討伐,,,,10030105,,,,,,,,,,
10040101,AAE01,初級アニマルハンター,獣系モンスターを100匹討伐,,,1,,,,,,,,,,,
10040102,AAE02,中級アニマルハンター,獣系モンスターを500匹討伐,,,,10040101,,,,,,,,,,
10040103,AAE03,熟練アニマルハンター,獣系モンスターを1000匹討伐,,,,10040102,,,,,,,,,,
10040104,AAE04,アニマルスレイヤー,獣系モンスターを3000匹討伐,,,,10040103,,,,,,,,,,
10040105,AAE05,獣の王,獣系モンスターを5000匹討伐,,,,10040104,,,,,,,,,,
10040106,AAE06,野生の化身,獣系モンスターを20000匹討伐,,,,10040105,,,,,,,,,,
10050101,AAF01,初級ライカンスロープハンター,獣人系モンスターを100匹討伐,,,1,,,,,,,,,,,
10050102,AAF02,中級ライカンスロープハンター,獣人系モンスターを500匹討伐,,,,10050101,,,,,,,,,,
10050103,AAF03,熟練ライカンスロープハンター,獣人系モンスターを1000匹討伐,,,,10050102,,,,,,,,,,
10050104,AAF04,ライカンスロープスレイヤー,獣人系モンスターを3000匹討伐,,,,10050103,,,,,,,,,,
10050105,AAF05,獣人を従えし者,獣人系モンスターを5000匹討伐,,,,10050104,,,,,,,,,,
10050106,AAF06,大いなる牙,獣人系モンスターを20000匹討伐,,,,10050105,,,,,,,,,,
10060101,AAG01,初級デミヒューマンハンター,亜人系モンスターを100匹討伐,,,1,,,,,,,,,,,
10060102,AAG02,中級デミヒューマンハンター,亜人系モンスターを500匹討伐,,,,10060101,,,,,,,,,,
10060103,AAG03,熟練デミヒューマンハンター,亜人系モンスターを1000匹討伐,,,,10060102,,,,,,,,,,
10060104,AAG04,デミヒューマンスレイヤー,亜人系モンスターを3000匹討伐,,,,10060103,,,,,,,,,,
10060105,AAG05,妖人を踏み締めし者,亜人系モンスターを5000匹討伐,,,,10060104,,,,,,,,,,
10060106,AAG06,妖人を滅する者,亜人系モンスターを20000匹討伐,,,,10060105,,,,,,,,,,
10070101,AAH01,初級マンイーター,人系モンスターを100人討伐,,,1,,,,,,,,,,,
10070102,AAH02,中級マンイーター,人系モンスターを500人討伐,,,,10070101,,,,,,,,,,
10070103,AAH03,熟練マンイーター,人系モンスターを1000人討伐,,,,10070102,,,,,,,,,,
10070104,AAH04,マンスレイヤー,人系モンスターを3000人討伐,,,,10070103,,,,,,,,,,
10070105,AAH05,マーダーライセンス,人系モンスターを5000人討伐,,,,10070104,,,,,,,,,,
10070106,AAH06,殺意の塊,人系モンスターを20000人討伐,,,,10070105,,,,,,,,,,
10080101,AAI01,初級アンデッドハンター,アンデッド系モンスターを100匹討伐,,,1,,,,,,,,,,,
10080102,AAI02,中級アンデッドハンター,アンデッド系モンスターを500匹討伐,,,,10080101,,,,,,,,,,
10080103,AAI03,熟練アンデッドハンター,アンデッド系モンスターを1000匹討伐,,,,10080102,,,,,,,,,,
10080104,AAI04,アンデッドスレイヤー,アンデッド系モンスターを3000匹討伐,,,,10080103,,,,,,,,,,
10080105,AAI05,不死者に死を与えし者,アンデッド系モンスターを5000匹討伐,,,,10080104,,,,,,,,,,
10080106,AAI06,虚無の救い手,アンデッド系モンスターを20000匹討伐,,,,10080105,,,,,,,,,,
10090101,AAJ01,初級オブジェクトハンター,魔法生物系モンスターを100匹討伐,,,1,,,,,,,,,,,
10090102,AAJ02,中級オブジェクトハンター,魔法生物系モンスターを500匹討伐,,,,10090101,,,,,,,,,,
10090103,AAJ03,熟練オブジェクトハンター,魔法生物系モンスターを1000匹討伐,,,,10090102,,,,,,,,,,
10090104,AAJ04,オブジェクトスレイヤー,魔法生物系モンスターを3000匹討伐,,,,10090103,,,,,,,,,,
10090105,AAJ05,魔法生物を破壊せし者,魔法生物系モンスターを5000匹討伐,,,,10090104,,,,,,,,,,
10090106,AAJ06,偽命を憎みし,魔法生物系モンスターを20000匹討伐,,,,10090105,,,,,,,,,,
10100101,AB01,初級エレメンタルハンター,精霊系モンスターを100匹討伐,,,1,,,,,,,,,,,
10100102,AB02,中級エレメントハンター,精霊系モンスターを500匹討伐,,,,10100101,,,,,,,,,,
10100103,AB03,熟練エレメントハンター,精霊系モンスターを1000匹討伐,,,,10100102,,,,,,,,,,
10100104,AB04,エレメントスレイヤー,精霊系モンスターを3000匹討伐,,,,10100103,,,,,,,,,,
10100105,AB05,万象を従えし者,精霊系モンスターを5000匹討伐,,,,10100104,,,,,,,,,,
10100106,AB06,数多の守護を得し,精霊系モンスターを20000匹討伐,,,,10100105,,,,,,,,,,
#10110101,,初級ジャイアントハンター,巨人系モンスターを100匹討伐,,,1,,,,,,,,,,,
#10110102,,中級ジャイアントハンター,巨人系モンスターを500匹討伐,,,,10110101,,,,,,,,,,
#10110103,,熟練ジャイアントハンター,巨人系モンスターを1000匹討伐,,,,10110102,,,,,,,,,,
#10110104,,ジャイアントスレイヤー,巨人系モンスターを3000匹討伐,,,,10110103,,,,,,,,,,
#10110105,,巨人を組み伏せし者,巨人系モンスターを5000匹討伐,,,,10110104,,,,,,,,,,
#10110106,,小さき英雄,巨人系モンスターを20000匹討伐,,,,10110105,,,,,,,,,,
10120101,ABC01,初級デーモンハンター,闇天使（悪魔）を10匹討伐,,,1,,,,,,,,,,,
10120102,ABC02,中級デーモンハンター,闇天使（悪魔）を100匹討伐,,,,10120101,,,,,,,,,,
10120103,ABC03,熟練デーモンハンター,闇天使（悪魔）を1000匹討伐,,,,10120102,,,,,,,,,,
10120104,ABC04,デーモンスレイヤー,闇天使（悪魔）を10000匹討伐,,,,10120103,,,,,,,,,,
10120105,ABC05,退魔の先鋒,闇天使（悪魔）を35000匹討伐,,,,10120104,,,,,,,,,,
10130101,ABD01,初級エンジェルハンター,天使系モンスターを10匹討伐,,,1,,,,,,,,,,,
10130102,ABD02,中級エンジェルハンター,天使系モンスターを100匹討伐,,,,10130101,,,,,,,,,,
10130103,ABD03,熟練エンジェルハンター,天使系モンスターを1000匹討伐,,,,10130102,,,,,,,,,,
10130104,ABD04,エンジェルスレイヤー,天使系モンスターを10000匹討伐,,,,10130103,,,,,,,,,,
10130105,ABD05,光りなき世界を望む者,天使系モンスターを35000匹討伐,,,,10130104,,,,,,,,,,
10140101,ABE01,初級レジェンドハンター,神話獣系モンスターを100匹討伐,,,1,,,,,,,,,,,
10140102,ABE02,中級レジェンドハンター,神話獣系モンスターを500匹討伐,,,,10140101,,,,,,,,,,
10140103,ABE03,熟練レジェンドハンター,神話獣系モンスターを1000匹討伐,,,,10140102,,,,,,,,,,
10140104,ABE04,レジェンドスレイヤー,神話獣系モンスターを3000匹討伐,,,,10140103,,,,,,,,,,
10140105,ABE05,神話の紡ぎ手,神話獣系モンスターを5000匹討伐,,,,10140104,,,,,,,,,,
10140106,ABE06,神話を看取る者,神話獣系モンスターを20000匹討伐,,,,10140105,,,,,,,,,,
10150101,ABF01,初級ドラゴンハンター,ドラゴン系モンスターを100匹討伐,,,1,,,,,,,,,,,
10150102,ABF02,中級ドラゴンハンター,ドラゴン系モンスターを500匹討伐,,,,10150101,,,,,,,,,,
10150103,ABF03,熟練ドラゴンハンター,ドラゴン系モンスターを1000匹討伐,,,,10150102,,,,,,,,,,
10150104,ABF04,ドラゴンスレイヤー,ドラゴン系モンスターを3000匹討伐,,,,10150103,,,,,,,,,,
10150105,ABF05,竜殺しの英雄,ドラゴン系モンスターを5000匹討伐,,,,10150104,,,,,,,,,,
10150106,ABF06,竜に憎まれし,ドラゴン系モンスターを20000匹討伐,,,,10150105,,,,,,,,,,
#10160101,,脅威と遭遇した,ティターン族系モンスターを100匹討伐,,,1,,,,,,,,,,,
#10160102,,恐れを知らぬ,ティターン族系モンスターを500匹討伐,,,,10160101,,,,,,,,,,
#10160103,,揺るぎ無き信念,ティターン族系モンスターを1000匹討伐,,,,10160102,,,,,,,,,,
#10160104,,勇猛果敢な,ティターン族系モンスターを3000匹討伐,,,,10160103,,,,,,,,,,
#10160105,,巨壁に挑む,ティターン族系モンスターを5000匹討伐,,,,10160104,,,,,,,,,,
#10160106,,ティタノマキア,ティターン族系モンスターを20000匹討伐,,,,10160105,,,,,,,,,,
10170101,ABH01,初級ミステリーハンター,属性不明モンスターを100匹討伐,,,1,,,,,,,,,,,
10170102,ABH02,中級ミステリーハンター,属性不明モンスターを500匹討伐,,,,10170101,,,,,,,,,,
10170103,ABH03,熟練ミステリーハンター,属性不明モンスターを1000匹討伐,,,,10170102,,,,,,,,,,
10170104,ABH04,ミステリースレイヤー,属性不明モンスターを3000匹討伐,,,,10170103,,,,,,,,,,
10170105,ABH05,ミステリアスマスター,属性不明モンスターを5000匹討伐,,,,10170104,,,,,,,,,,
10170106,ABH06,神秘を暴く者,属性不明モンスターを20000匹討伐,,,,10170105,,,,,,,,,,
10180101,ABI01,罪を裁く,犯罪者を10人討伐,,,1,,,,,,,,,,,
10180102,ABI02,初級断罪者,犯罪者を100人討伐,,,,10180101,,,,,,,,,,
10180103,ABI03,中級断罪者,犯罪者を300人討伐,,,,10180102,,,,,,,,,,
10180104,ABI04,熟練断罪者,犯罪者を500人討伐,,,,10180103,,,,,,,,,,
10180105,ABI05,正義の鉄槌,犯罪者を1000人討伐,,,,10180104,,,,,,,,,,
10180106,ABI06,自警団団長,犯罪者を10000人討伐,,,,10180105,,,,,,,,,,
10190101,ABJ01,悪を裁く,重罪者を10人討伐,,,1,,,,,,,,,,,
10190102,ABJ02,初級処刑人,重罪者を100人討伐,,,,10190101,,,,,,,,,,
10190103,ABJ03,中級処刑人,重罪者を300人討伐,,,,10190102,,,,,,,,,,
10190104,ABJ04,熟練処刑人,重罪者を500人討伐,,,,10190103,,,,,,,,,,
10190105,ABJ05,鉄血の執行者,重罪者を1000人討伐,,,,10190104,,,,,,,,,,
10190106,ABJ06,断頭台の主,重罪者を10000人討伐,,,,10190105,,,,,,,,,,
10200101,AC01,衛兵殺し,衛兵を1人討伐,,,1,,,,,,,,,,,
10200102,AC02,衛兵一個分隊殲滅者,衛兵を3人討伐,,,,10200101,,,,,,,,,,
10200103,AC03,衛兵一個小隊殲滅者,衛兵を10人討伐,,,,10200102,,,,,,,,,,
10200104,AC04,衛兵一個中隊殲滅者,衛兵を50人討伐,,,,10200103,,,,,,,,,,
10200105,AC05,衛兵一個大隊殲滅者,衛兵を100人討伐,,,,10200104,,,,,,,,,,
10200106,AC06,衛兵志願,衛兵を1000人討伐,,,,10200105,,,,,,,,,,
10210101,ACB01,まぐれ当たりの,3体同時に討伐を1回,,,1,,,,,,,,,,,
10210102,ACB02,意外性のある,3体同時に討伐を5回,,,,10210101,,,,,,,,,,
10210103,ACB03,芸達者な,3体同時に討伐を10回,,,,10210102,,,,,,,,,,
10210104,ACB04,技巧者,3体同時に討伐を100回,,,,10210103,,,,,,,,,,
10210105,ACB05,熟達した,3体同時に討伐を300回,,,,10210104,,,,,,,,,,
10210106,ACB06,円熟の域,3体同時に討伐を2000回,,,,10210105,,,,,,,,,,
10210201,ACB07,狙うと外す,5体同時に討伐を1回,,,1,,,,,,,,,,,
10210202,ACB08,偶然が多い,5体同時に討伐を5回,,,,10210201,,,,,,,,,,
10210203,ACB09,一網打尽の,5体同時に討伐を10回,,,,10210202,,,,,,,,,,
10210204,ACB10,八面六臂の,5体同時に討伐を100回,,,,10210203,,,,,,,,,,
10210205,ACB11,制圧者,5体同時に討伐を300回,,,,10210204,,,,,,,,,,
10210206,ACB12,暴風の,5体同時に討伐を2000回,,,,10210205,,,,,,,,,,
#戦闘行動,,,,,,,,,,,,,,,,,
20010101,BAB01,カルマを背負いし者,モンスターに与えたダメージ累計が</br>10000を超える,,,1,,,,,,,,,,,
20010102,BAB02,大いなるカルマを背負いしもの,モンスターに与えたダメージ累計が</br>100000を超える,,,,20010101,,,,,,,,,,
20010103,BAB03,無限のカルマを背負いしもの,モンスターに与えたダメージ累計が</br>1000000を超える,,,,20010102,,,,,,,,,,
20010104,BAB04,カルマの権化,モンスターに与えたダメージ累計が</br>10000000を超える,,,,20010103,,,,,,,,,,
20020101,BAC01,力強き一撃,自分と+-5レベル以内のモンスターへの</br>一回の攻撃ダメージが100を超える,,,1,,,,,,,,,,,
20020102,BAC02,裂破の一撃,自分と+-5レベル以内のモンスターへの</br>一回の攻撃ダメージが300を超える,,,,20020101,,,,,,,,,,
20020103,BAC03,破天の一撃,自分と+-5レベル以内のモンスターへの</br>一回の攻撃ダメージが800を超える,,,,20020102,,,,,,,,,,
20020104,BAC04,神殺しの一撃,自分と+-5レベル以内のモンスターへの</br>一回の攻撃ダメージが1500を超える,,,,20020103,,,,,,,,,,
20020105,BAC05,伝説の一撃,自分と+-5レベル以内のモンスターへの</br>一回の攻撃ダメージが5000を超える,,,,20020104,,,,,,,,,,
20020106,BAC06,限界突破,自分と+-5レベル以内のモンスターへの</br>一回の攻撃ダメージが9999を超える,,,,20020105,,,,,,,,,,
20030101,BAD01,耐えし者,受けたダメージの累積1000突破,,,1,,,,,,,,,,,
20030102,BAD02,大いに耐えし者,受けたダメージの累積5000突破,,,,20030101,,,,,,,,,,
20030103,BAD03,無限に耐えし者,受けたダメージの累積10000突破,,,,20030102,,,,,,,,,,
20030104,BAD04,耐え極めし者,受けたダメージの累積50000突破,,,,20030103,,,,,,,,,,
20030105,BAD05,売出し中の,受けたダメージの累積100000突破,,,,20030104,,,,,,,,,,
20030106,BAD06,歴戦の勇士,受けたダメージの累積500000突破,,,,20030105,,,,,,,,,,
20030107,BAD07,傷だらけの,受けたダメージの累積3000000突破,,,,20030106,,,,,,,,,,
20040101,BAE01,貧弱な,自分と+-5レベル以内のモンスターから</br>1度に受けたダメージ100突破,,,1,,,,,,,,,,,
20040102,BAE02,打たれ弱い,自分と+-5レベル以内のモンスターから</br>1度に受けたダメージ500突破,,,,20040101,,,,,,,,,,
20040103,BAE03,直撃を受けた,自分と+-5レベル以内のモンスターから</br>1度に受けたダメージ1000突破,,,,20040102,,,,,,,,,,
20040104,BAE04,ノーガードの,自分と+-5レベル以内のモンスターから</br>1度に受けたダメージ3000突破,,,,20040103,,,,,,,,,,
20040105,BAE05,シャレになっていない,自分と+-5レベル以内のモンスターから</br>1度に受けたダメージ6000突破,,,,20040104,,,,,,,,,,
20040106,BAE06,笑うしかない,自分と+-5レベル以内のモンスターから</br>1度に受けたダメージ9000突破,,,,20040105,,,,,,,,,,
20050101,BAF01,血を浴びし者,他プレイヤーに与えた（ソウル単位の）</br>ダメージ累計が10000を超える,,,1,,,,,,,,,,,
20050102,BAF02,全身に血を浴びし者,他プレイヤーに与えた（ソウル単位の）</br>ダメージ累計が100000を超える,,,,20050101,,,,,,,,,,
20050103,BAF03,魂に血を浴びし者,他プレイヤーに与えた（ソウル単位の）</br>ダメージ累計が1000000を超える,,,,20050102,,,,,,,,,,
20050104,BAF04,宿業の徒,他プレイヤーに与えた（ソウル単位の）</br>ダメージ累計が10000000を超える,,,,20050103,,,,,,,,,,
20060101,BAG01,血を流せし者,PCから受けたダメージの累積が</br>1000突破,,,1,,,,,,,,,,,
20060102,BAG02,全ての血が失せし者,PCから受けたダメージの累積が</br>5000突破,,,,20060101,,,,,,,,,,
20060103,BAG03,魂から血を流せし者,PCから受けたダメージの累積が</br>10000突破,,,,20060102,,,,,,,,,,
20060104,BAG04,後ろから刺された,PCから受けたダメージの累積が</br>50000突破,,,,20060103,,,,,,,,,,
20060105,BAG05,栄光ある孤立,PCから受けたダメージの累積が</br>100000突破,,,,20060104,,,,,,,,,,
20060106,BAG06,永遠の孤独を生きる,PCから受けたダメージの累積が</br>500000突破,,,,20060105,,,,,,,,,,
20070101,BAH01,殺めし者,1回他プレイヤーを殺す,,,1,,,,,,,,,,,
20070102,BAH02,暗い快楽に目覚めた,10回他プレイヤーを殺す,,,,20070101,,,,,,,,,,
20070103,BAH03,狩り続ける者,50回他プレイヤーを殺す,,,,20070102,,,,,,,,,,
20070104,BAH04,暴殺王,100回他プレイヤーを殺す,,,,20070103,,,,,,,,,,
20070105,BAH05,悪鬼羅刹,300回他プレイヤーを殺す,,,,20070104,,,,,,,,,,
20070106,BAH06,皆殺しの,5000回他プレイヤーを殺す,,,,20070105,,,,,,,,,,
20080101,BAI01,倒されし者,PKされた回数1回,,,1,,,,,,,,,,,
20080102,BAI02,さらに倒されし者,PKされた回数10回,,,,20080101,,,,,,,,,,
20080103,BAI03,もっと倒されし者,PKされた回数50回,,,,20080102,,,,,,,,,,
20080104,BAI04,とことん倒されし者,PKされた回数100回,,,,20080103,,,,,,,,,,
20080105,BAI05,今日もやられ役,PKされた回数300回,,,,20080104,,,,,,,,,,
20080106,BAI06,マッコイ…,PKされた回数5000回,,,,20080105,,,,,,,,,,
20090101,BAJ01,出来心,ルートした回数1回,,,1,,,,,,,,,,,
20090102,BAJ02,手癖の悪い,ルートした回数10回,,,,20090101,,,,,,,,,,
20090103,BAJ03,さらに手癖の悪い,ルートした回数100回,,,,20090102,,,,,,,,,,
20090104,BAJ04,もっと手癖の悪い,ルートした回数500回,,,,20090103,,,,,,,,,,
20090105,BAJ05,怪盗,ルートした回数1000回,,,,20090104,,,,,,,,,,
20090106,BAJ06,大泥棒,ルートした回数10000回,,,,20090105,,,,,,,,,,
20100101,BB01,盗られし者,ルートされた回数1回,,,1,,,,,,,,,,,
20100102,BB02,さらに盗られし者,ルートされた回数10回,,,,20100101,,,,,,,,,,
20100103,BB03,もっと盗られし者,ルートされた回数100回,,,,20100102,,,,,,,,,,
20100104,BB04,盗られてばかりの,ルートされた回数300回,,,,20100103,,,,,,,,,,
20100105,BB05,もってけ泥棒！,ルートされた回数500回,,,,20100104,,,,,,,,,,
20100106,BB06,不確定名：宝箱,ルートされた回数3000回,,,,20100105,,,,,,,,,,
20110101,BBB01,会心の一撃,ハードヒット10回,,,1,,,,,,,,,,,
20110102,BBB02,渾身の一撃,ハードヒット100回,,,,20110101,,,,,,,,,,
20110103,BBB03,死力の一撃,ハードヒット1000回,,,,20110102,,,,,,,,,,
20110104,BBB04,鬼神の一撃,ハードヒット10000回,,,,20110103,,,,,,,,,,
20110105,BBB05,一撃を極めし,ハードヒット100000回,,,,20110104,,,,,,,,,,
20120101,BBC01,斬首の手習い,クリティカルヒット10回,,,1,,,,,,,,,,,
20120102,BBC02,斬首の会得,クリティカルヒット100回,,,,20120101,,,,,,,,,,
20120103,BBC03,斬首の極み,クリティカルヒット500回,,,,20120102,,,,,,,,,,
20120104,BBC04,斬首の神業,クリティカルヒット1000回,,,,20120103,,,,,,,,,,
#20130101,,いのちをだいじに,自己回復量の累積100突破,,,,,,,,,,,,,,
20130102,BBD01,慎重派の,自己回復量の累積1000突破,,,1,,,,,,,,,,,
20130103,BBD02,手堅い,自己回復量の累積10000突破,,,,20130102,,,,,,,,,,
20130104,BBD03,石橋を叩いて渡る,自己回復量の累積100000突破,,,,20130103,,,,,,,,,,
20130105,BBD04,己を癒やせし者,自己回復量の累積1000000突破,,,,20130104,,,,,,,,,,
20130106,BBD05,癒しの代名詞,自己回復量の累積10000000突破,,,,20130105,,,,,,,,,,
20140101,BBE01,癒しの手,他者のHPを回復させた（ソウル単位の）</br>累計が1000を超える,,,1,,,,,,,,,,,
20140102,BBE02,治癒の歌声,他者のHPを回復させた（ソウル単位の）</br>累計が5000を超える,,,,20140101,,,,,,,,,,
20140103,BBE03,ルルドの吐息,他者のHPを回復させた（ソウル単位の）</br>累計が10000を超える,,,,20140102,,,,,,,,,,
20140104,BBE04,慈愛の癒し人,他者のHPを回復させた（ソウル単位の）</br>累計が100000を超える,,,,20140103,,,,,,,,,,
20140105,BBE05,癒しの心,他者のHPを回復させた（ソウル単位の）</br>累計が1000000を超える,,,,20140104,,,,,,,,,,
20150101,BBF01,バウンティハンター志望,バウンティポイント</br>60000突破,,,1,,,,,,,,,,,
20150102,BBF02,バウンティハンター見習い,バウンティポイント</br>150000突破,,,,20150101,,,,,,,,,,
20150103,BBF03,新人バウンティハンター,バウンティポイント</br>300000突破,,,,20150102,,,,,,,,,,
20150104,BBF04,駆け出しの,バウンティポイント</br>1500000突破,,,,20150103,,,,,,,,,,
20150105,BBF05,にじみ出る顕示欲,バウンティポイント</br>3000000突破,,,,20150104,,,,,,,,,,
20150106,BBF06,めざとい,バウンティポイント</br>4500000突破,,,,20150105,,,,,,,,,,
20150107,BBF07,注目を集める,バウンティポイント</br>6000000突破,,,,20150106,,,,,,,,,,
20150108,BBF08,もっと稼ぎたい,バウンティポイント</br>7500000突破,,,,20150107,,,,,,,,,,
20150109,BBF09,あしらい上手,バウンティポイント</br>9000000突破,,,,20150108,,,,,,,,,,
20150110,BBF10,F級バウンティハンター,バウンティポイント</br>10500000突破,,,,20150109,,,,,,,,,,
20150111,BBF11,獲物を探す,バウンティポイント</br>12000000突破,,,,20150110,,,,,,,,,,
20150112,BBF12,勢いのある,バウンティポイント</br>13500000突破,,,,20150111,,,,,,,,,,
20150113,BBF13,街角の用心棒,バウンティポイント</br>15000000突破,,,,20150112,,,,,,,,,,
20150114,BBF14,荒稼ぎの,バウンティポイント</br>22500000突破,,,,20150113,,,,,,,,,,
20150115,BBF15,E級バウンティハンター,バウンティポイント</br>30000000突破,,,,20150114,,,,,,,,,,
20150116,BBF16,賞金首を求める,バウンティポイント</br>45000000突破,,,,20150115,,,,,,,,,,
20150117,BBF17,誰にも止められない,バウンティポイント</br>60000000突破,,,,20150116,,,,,,,,,,
20150118,BBF18,手馴れてきた,バウンティポイント</br>75000000突破,,,,20150117,,,,,,,,,,
20150119,BBF19,血まみれの,バウンティポイント</br>90000000突破,,,,20150118,,,,,,,,,,
20150120,BBF20,D級バウンティハンター,バウンティポイント</br>105000000突破,,,,20150119,,,,,,,,,,
20160101,BBG01,小物狙いの,討伐した対象の賞金額</br>20000以上,,,1,,,,,,,,,,,
20160102,BBG02,こづかい稼ぎの,討伐した対象の賞金額</br>50000以上,,,,20160101,,,,,,,,,,
20160103,BBG03,成り上がりたい,討伐した対象の賞金額</br>100000以上,,,,20160102,,,,,,,,,,
20160104,BBG04,荒くれた,討伐した対象の賞金額</br>500000以上,,,,20160103,,,,,,,,,,
20160105,BBG05,街角の掃除屋,討伐した対象の賞金額</br>1000000以上,,,,20160104,,,,,,,,,,
20160106,BBG06,罪を追う者,討伐した対象の賞金額</br>1500000以上,,,,20160105,,,,,,,,,,
20160107,BBG07,村の仕置人,討伐した対象の賞金額</br>2000000以上,,,,20160106,,,,,,,,,,
20160108,BBG08,名の知れた,討伐した対象の賞金額</br>2500000以上,,,,20160107,,,,,,,,,,
20160109,BBG09,大物狙いの,討伐した対象の賞金額</br>3000000以上,,,,20160108,,,,,,,,,,
20160110,BBG10,掃除屋,討伐した対象の賞金額</br>3500000以上,,,,20160109,,,,,,,,,,
20160111,BBG11,街の仕置人,討伐した対象の賞金額</br>4000000以上,,,,20160110,,,,,,,,,,
20160112,BBG12,貫禄のある,討伐した対象の賞金額</br>4500000以上,,,,20160111,,,,,,,,,,
20160113,BBG13,仕置人,討伐した対象の賞金額</br>5000000以上,,,,20160112,,,,,,,,,,
20160114,BBG14,罪喰らいの,討伐した対象の賞金額</br>7500000以上,,,,20160113,,,,,,,,,,
20160115,BBG15,罰則の代行者,討伐した対象の賞金額</br>10000000以上,,,,20160114,,,,,,,,,,
20160116,BBG16,静寂に潜む猟犬,討伐した対象の賞金額</br>15000000以上,,,,20160115,,,,,,,,,,
20160117,BBG17,咎払いの,討伐した対象の賞金額</br>20000000以上,,,,20160116,,,,,,,,,,
20160118,BBG18,プロフェッショナル,討伐した対象の賞金額</br>25000000以上,,,,20160117,,,,,,,,,,
20160119,BBG19,カリスマ仕置人,討伐した対象の賞金額</br>30000000以上,,,,20160118,,,,,,,,,,
20160120,BBG20,一流の風格,討伐した対象の賞金額</br>35000000以上,,,,20160119,,,,,,,,,,
20170101,BBH01,悪ぶった,討伐された時の賞金額</br>20000以上,,,1,,,,,,,,,,,
20170102,BBH02,ごろつき,討伐された時の賞金額</br>50000以上,,,,20170101,,,,,,,,,,
20170103,BBH03,不良冒険者,討伐された時の賞金額</br>100000以上,,,,20170102,,,,,,,,,,
20170104,BBH04,無名の賞金首,討伐された時の賞金額</br>500000以上,,,,20170103,,,,,,,,,,
20170105,BBH05,投獄歴あり,討伐された時の賞金額</br>1000000以上,,,,20170104,,,,,,,,,,
20170106,BBH06,そこそこの賞金首,討伐された時の賞金額</br>1500000以上,,,,20170105,,,,,,,,,,
20170107,BBH07,塀の中が恋しい,討伐された時の賞金額</br>2000000以上,,,,20170106,,,,,,,,,,
20170108,BBH08,保釈金で破産しそうな,討伐された時の賞金額</br>2500000以上,,,,20170107,,,,,,,,,,
20170109,BBH09,出戻りした,討伐された時の賞金額</br>3000000以上,,,,20170108,,,,,,,,,,
20170110,BBH10,有名な賞金首,討伐された時の賞金額</br>3500000以上,,,,20170109,,,,,,,,,,
20170111,BBH11,牢名主,討伐された時の賞金額</br>4000000以上,,,,20170110,,,,,,,,,,
20170112,BBH12,最悪の賞金首,討伐された時の賞金額</br>4500000以上,,,,20170111,,,,,,,,,,
20170113,BBH13,災いの種,討伐された時の賞金額</br>5000000以上,,,,20170112,,,,,,,,,,
20170114,BBH14,天下一の賞金首,討伐された時の賞金額</br>7500000以上,,,,20170113,,,,,,,,,,
20170115,BBH15,ワルの代名詞,討伐された時の賞金額</br>10000000以上,,,,20170114,,,,,,,,,,
20170116,BBH16,金で憎しみを買う,討伐された時の賞金額</br>15000000以上,,,,20170115,,,,,,,,,,
20170117,BBH17,手配書の常連,討伐された時の賞金額</br>20000000以上,,,,20170116,,,,,,,,,,
20170118,BBH18,罪の道を歩む者,討伐された時の賞金額</br>25000000以上,,,,20170117,,,,,,,,,,
20170119,BBH19,悪徳の崇拝を集めし,討伐された時の賞金額</br>30000000以上,,,,20170118,,,,,,,,,,
20170120,BBH20,特殊災害指定,討伐された時の賞金額</br>35000000以上,,,,20170119,,,,,,,,,,
20180101,BBI01,嫌いにならないでほしい,1ソウル以上に</br>賞金を懸けられる,,,1,,,,,,,,,,,
20180102,BBI02,憎まれっ子,3ソウル以上に</br>賞金を懸けられる,,,,20180101,,,,,,,,,,
20180103,BBI03,怨みを買った,5ソウル以上に</br>賞金を懸けられる,,,,20180102,,,,,,,,,,
20180104,BBI04,日頃の怨みを背負う,10ソウル以上に</br>賞金を懸けられる,,,,20180103,,,,,,,,,,
20180105,BBI05,友好的とは程遠い,15ソウル以上に</br>賞金を懸けられる,,,,20180104,,,,,,,,,,
20180106,BBI06,私怨の的,20ソウル以上に</br>賞金を懸けられる,,,,20180105,,,,,,,,,,
20180107,BBI07,怨念の炎に包まれし,25ソウル以上に</br>賞金を懸けられる,,,,20180106,,,,,,,,,,
20180108,BBI08,積年の怨みを背負う,30ソウル以上に</br>賞金を懸けられる,,,,20180107,,,,,,,,,,
20180109,BBI09,悪い噂の張本人,35ソウル以上に</br>賞金を懸けられる,,,,20180108,,,,,,,,,,
20180110,BBI10,怨み無しでは生きられぬ,40ソウル以上に</br>賞金を懸けられる,,,,20180109,,,,,,,,,,
20180111,BBI11,怨みをまき散らす,45ソウル以上に</br>賞金を懸けられる,,,,20180110,,,,,,,,,,
20180112,BBI12,怨嗟の声を聞く,50ソウル以上に</br>賞金を懸けられる,,,,20180111,,,,,,,,,,
20180113,BBI13,怨みを糧とする,60ソウル以上に</br>賞金を懸けられる,,,,20180112,,,,,,,,,,
20180114,BBI14,国で一番の怨まれ者,70ソウル以上に</br>賞金を懸けられる,,,,20180113,,,,,,,,,,
20180115,BBI15,この世で一番の怨まれ者,80ソウル以上に</br>賞金を懸けられる,,,,20180114,,,,,,,,,,
20180116,BBI16,1万年ぐらい前から怨まれる,90ソウル以上に</br>賞金を懸けられる,,,,20180115,,,,,,,,,,
20180117,BBI17,前世からの大罪人,100ソウル以上に</br>賞金を懸けられる,,,,20180116,,,,,,,,,,
#使用回数,,,,,,,,,,,,,,,,,
30010101,CAB01,初級体術使い,素手使用回数1000回突破,,,1,,,,,,,,,,,
30010102,CAB02,中級体術使い,素手使用回数5000回突破,,,,30010101,,,,,,,,,,
30010103,CAB03,熟練体術使い,素手使用回数10000回突破,,,,30010102,,,,,,,,,,
30010104,CAB04,体術伝承者,素手使用回数50000回突破,,,,30010103,,,,,,,,,,
30010105,CAB05,闘技神,素手使用回数100000回突破,,,,30010104,,,,,,,,,,
30010106,CAB06,拳で生きる,素手使用回数1000000回突破,,,,30010105,,,,,,,,,,
30020101,CAC01,初級暗器使い,暗器使用回数1000回突破,,,1,,,,,,,,,,,
30020102,CAC02,中級暗器使い,暗器使用回数5000回突破,,,,30020101,,,,,,,,,,
30020103,CAC03,熟練暗器使い,暗器使用回数10000回突破,,,,30020102,,,,,,,,,,
30020104,CAC04,暗器伝承者,暗器使用回数50000回突破,,,,30020103,,,,,,,,,,
30020105,CAC05,暗器神,暗器使用回数100000回突破,,,,30020104,,,,,,,,,,
30020106,CAC06,暗器は我が一部,暗器使用回数1000000回突破,,,,30020105,,,,,,,,,,
30030101,CAD01,初級短剣使い,短剣使用回数1000回突破,,,1,,,,,,,,,,,
30030102,CAD02,中級短剣使い,短剣使用回数5000回突破,,,,30030101,,,,,,,,,,
30030103,CAD03,熟練短剣使い,短剣使用回数10000回突破,,,,30030102,,,,,,,,,,
30030104,CAD04,短剣伝承者,短剣使用回数50000回突破,,,,30030103,,,,,,,,,,
30030105,CAD05,短剣神,短剣使用回数100000回突破,,,,30030104,,,,,,,,,,
30030106,CAD06,短剣こそ最強,短剣使用回数1000000回突破,,,,30030105,,,,,,,,,,
30040101,CAE01,初級剣使い,片手剣使用回数1000回突破,,,1,,,,,,,,,,,
30040102,CAE02,中級剣使い,片手剣使用回数5000回突破,,,,30040101,,,,,,,,,,
30040103,CAE03,熟練剣使い,片手剣使用回数10000回突破,,,,30040102,,,,,,,,,,
30040104,CAE04,剣術伝承者,片手剣使用回数50000回突破,,,,30040103,,,,,,,,,,
30040105,CAE05,剣術神,片手剣使用回数100000回突破,,,,30040104,,,,,,,,,,
30040106,CAE06,剣術一貫,片手剣使用回数1000000回突破,,,,30040105,,,,,,,,,,
#30050101,,ブンシャカ見習い,刺突剣使用回数100回突破,,,,,,,,,,,,,,
30060101,CAG01,初級大剣使い,両手剣使用回数1000回突破,,,1,,,,,,,,,,,
30060102,CAG02,中級大剣使い,両手剣使用回数5000回突破,,,,30060101,,,,,,,,,,
30060103,CAG03,熟練大剣使い,両手剣使用回数10000回突破,,,,30060102,,,,,,,,,,
30060104,CAG04,大剣伝承者,両手剣使用回数50000回突破,,,,30060103,,,,,,,,,,
30060105,CAG05,大剣神,両手剣使用回数100000回突破,,,,30060104,,,,,,,,,,
30060106,CAG06,両腕に漲る力,両手剣使用回数1000000回突破,,,,30060105,,,,,,,,,,
30070101,CAH01,初級刀使い,刀使用回数1000回突破,,,1,,,,,,,,,,,
30070102,CAH02,中級刀使い,刀使用回数5000回突破,,,,30070101,,,,,,,,,,
30070103,CAH03,熟練刀使い,刀使用回数10000回突破,,,,30070102,,,,,,,,,,
30070104,CAH04,刀伝承者,刀使用回数50000回突破,,,,30070103,,,,,,,,,,
30070105,CAH05,刀神,刀使用回数100000回突破,,,,30070104,,,,,,,,,,
30070106,CAH06,殺陣師,刀使用回数1000000回突破,,,,30070105,,,,,,,,,,
#30080101,,剣道5級,両手刀使用回数100回突破,,,,,,,,,,,,,,
30090101,CAJ01,初級片手斧使い,片手斧使用回数1000回突破,,,1,,,,,,,,,,,
30090102,CAJ02,中級片手斧使い,片手斧使用回数5000回突破,,,,30090101,,,,,,,,,,
30090103,CAJ03,熟練片手斧使い,片手斧使用回数10000回突破,,,,30090102,,,,,,,,,,
30090104,CAJ04,片手斧伝承者,片手斧使用回数50000回突破,,,,30090103,,,,,,,,,,
30090105,CAJ05,片手斧神,片手斧使用回数100000回突破,,,,30090104,,,,,,,,,,
30090106,CAJ06,疾風を巻き起こす,片手斧使用回数1000000回突破,,,,30090105,,,,,,,,,,
30100101,CB01,初級大斧使い,両手斧使用回数1000回突破,,,1,,,,,,,,,,,
30100102,CB02,中級大斧使い,両手斧使用回数5000回突破,,,,30100101,,,,,,,,,,
30100103,CB03,熟練大斧使い,両手斧使用回数10000回突破,,,,30100102,,,,,,,,,,
30100104,CB04,大斧伝承者,両手斧使用回数50000回突破,,,,30100103,,,,,,,,,,
30100105,CB05,大斧神,両手斧使用回数100000回突破,,,,30100104,,,,,,,,,,
30100106,CB06,大軍を薙ぎ払う,両手斧使用回数1000000回突破,,,,30100105,,,,,,,,,,
30110101,CBB01,初級棍使い,片手棍使用回数1000回突破,,,1,,,,,,,,,,,
30110102,CBB02,中級棍使い,片手棍使用回数5000回突破,,,,30110101,,,,,,,,,,
30110103,CBB03,熟練棍使い,片手棍使用回数10000回突破,,,,30110102,,,,,,,,,,
30110104,CBB04,棍術伝承者,片手棍使用回数50000回突破,,,,30110103,,,,,,,,,,
30110105,CBB05,棍術神,片手棍使用回数100000回突破,,,,30110104,,,,,,,,,,
30110106,CBB06,殴打全壊,片手棍使用回数1000000回突破,,,,30110105,,,,,,,,,,
30120101,CBC01,初級両手鈍器使い,両手鈍器使用回数1000回突破,,,1,,,,,,,,,,,
30120102,CBC02,中級両手鈍器使い,両手鈍器使用回数5000回突破,,,,30120101,,,,,,,,,,
30120103,CBC03,熟練両手鈍器使い,両手鈍器使用回数10000回突破,,,,30120102,,,,,,,,,,
30120104,CBC04,両手鈍器伝承者,両手鈍器使用回数50000回突破,,,,30120103,,,,,,,,,,
30120105,CBC05,両手鈍器神,両手鈍器使用回数100000回突破,,,,30120104,,,,,,,,,,
30120106,CBC06,巨岩を叩き割る,両手鈍器使用回数1000000回突破,,,,30120105,,,,,,,,,,
#30130101,,知ったかぶりの,片手杖使用回数100回突破,,,,,,,,,,,,,,
30140101,CBE01,初級杖使い,両手杖使用回数1000回突破,,,1,,,,,,,,,,,
30140102,CBE02,中級杖使い,両手杖使用回数5000回突破,,,,30140101,,,,,,,,,,
30140103,CBE03,熟練杖使い,両手杖使用回数10000回突破,,,,30140102,,,,,,,,,,
30140104,CBE04,杖術伝承者,両手杖使用回数50000回突破,,,,30140103,,,,,,,,,,
30140105,CBE05,杖術神,両手杖使用回数100000回突破,,,,30140104,,,,,,,,,,
30140106,CBE06,人生は杖のごとく,両手杖使用回数1000000回突破,,,,30140105,,,,,,,,,,
30150101,CBF01,初級槍使い,槍使用回数1000回突破,,,1,,,,,,,,,,,
30150102,CBF02,中級槍使い,槍使用回数5000回突破,,,,30150101,,,,,,,,,,
30150103,CBF03,熟練槍使い,槍使用回数10000回突破,,,,30150102,,,,,,,,,,
30150104,CBF04,槍術伝承者,槍使用回数50000回突破,,,,30150103,,,,,,,,,,
30150105,CBF05,槍術神,槍使用回数100000回突破,,,,30150104,,,,,,,,,,
30150106,CBF06,必殺の貫通,槍使用回数1000000回突破,,,,30150105,,,,,,,,,,
30150201,CBF07,初級双刃使い,双刃使用回数1000回突破,,,1,,,,,,,,,,,
30150202,CBF08,中級双刃使い,双刃使用回数5000回突破,,,,30150201,,,,,,,,,,
30150203,CBF09,熟練双刃使い,双刃使用回数10000回突破,,,,30150202,,,,,,,,,,
30150204,CBF10,双刃伝承者,双刃使用回数50000回突破,,,,30150203,,,,,,,,,,
30150205,CBF11,双刃神,双刃使用回数100000回突破,,,,30150204,,,,,,,,,,
30150206,CBF12,双刃無双,双刃使用回数1000000回突破,,,,30150205,,,,,,,,,,
30160101,CBG01,初級弓使い,弓使用回数1000回突破,,,1,,,,,,,,,,,
30160102,CBG02,中級弓使い,弓使用回数5000回突破,,,,30160101,,,,,,,,,,
30160103,CBG03,熟練弓使い,弓使用回数10000回突破,,,,30160102,,,,,,,,,,
30160104,CBG04,弓術伝承者,弓使用回数50000回突破,,,,30160103,,,,,,,,,,
30160105,CBG05,弓神,弓使用回数100000回突破,,,,30160104,,,,,,,,,,
30160106,CBG06,ミリオンダラー,弓使用回数1000000回突破,,,,30160105,,,,,,,,,,
#30170101,,狙い撃ってみる,自動弓使用回数100回突破,,,,,,,,,,,,,,
30180101,CBI01,初級銃使い,銃使用回数1000回突破,,,1,,,,,,,,,,,
30180102,CBI02,中級銃使い,銃使用回数5000回突破,,,,30180101,,,,,,,,,,
30180103,CBI03,熟練銃使い,銃使用回数10000回突破,,,,30180102,,,,,,,,,,
30180104,CBI04,銃術伝承者,銃使用回数50000回突破,,,,30180103,,,,,,,,,,
30180105,CBI05,銃神,銃使用回数100000回突破,,,,30180104,,,,,,,,,,
30180106,CBI06,ワンマンアーミー,銃使用回数1000000回突破,,,,30180105,,,,,,,,,,
30190101,CBJ01,初級技能者,スキル使用回数100回突破,,,1,,,,,,,,,,,
30190102,CBJ02,中級技能者,スキル使用回数500回突破,,,,30190101,,,,,,,,,,
30190103,CBJ03,熟練技能者,スキル使用回数1000回突破,,,,30190102,,,,,,,,,,
30190104,CBJ04,技能伝承者,スキル使用回数5000回突破,,,,30190103,,,,,,,,,,
30190105,CBJ05,技能の神,スキル使用回数10000回突破,,,,30190104,,,,,,,,,,
30190106,CBJ06,技能検定合格者,スキル使用回数50000回突破,,,,30190105,,,,,,,,,,
30190107,CBJ07,技能検定講師,スキル使用回数300000回突破,,,,30190106,,,,,,,,,,
30200101,CC01,守り始めし者,シールドで敵の攻撃を10回ブロック,,,1,,,,,,,,,,,
30200102,CC02,守りし者,シールドで敵の攻撃を100回ブロック,,,,30200101,,,,,,,,,,
30200103,CC03,大いなる守り人,シールドで敵の攻撃を1000回ブロック,,,,30200102,,,,,,,,,,
30200104,CC04,神壁の守り人,シールドで敵の攻撃を10000回ブロック,,,,30200103,,,,,,,,,,
30200105,CC05,意外とガードの堅い,シールドで敵の攻撃を50000回ブロック,,,,30200104,,,,,,,,,,
30200106,CC06,不沈の城壁,シールドで敵の攻撃を100000回ブロック,,,,30200105,,,,,,,,,,
30210101,CCB01,初級支援者,付与バフ使用回数100回突破,,,1,,,,,,,,,,,
30210102,CCB02,中級支援者,付与バフ使用回数500回突破,,,,30210101,,,,,,,,,,
30210103,CCB03,熟練支援者,付与バフ使用回数1000回突破,,,,30210102,,,,,,,,,,
30210104,CCB04,援護の神,付与バフ使用回数5000回突破,,,,30210103,,,,,,,,,,
30210105,CCB05,救国の聖人,付与バフ使用回数10000回突破,,,,30210104,,,,,,,,,,
30210106,CCB06,支援の極意を知る,付与バフ使用回数100000回突破,,,,30210105,,,,,,,,,,
30220101,CCC01,初級妨害者,付与デバフ使用回数100回突破,,,1,,,,,,,,,,,
30220102,CCC02,中級妨害者,付与デバフ使用回数500回突破,,,,30220101,,,,,,,,,,
30220103,CCC03,熟練妨害者,付与デバフ使用回数1000回突破,,,,30220102,,,,,,,,,,
30220104,CCC04,魔障の神,付与デバフ使用回数5000回突破,,,,30220103,,,,,,,,,,
30220105,CCC05,絶望を運ぶ影,付与デバフ使用回数10000回突破,,,,30220104,,,,,,,,,,
30220106,CCC06,弱化の采配,付与デバフ使用回数100000回突破,,,,30220105,,,,,,,,,,
#探索行動,,,,,,,,,,,,,,,,,
40010101,DAB01,ちぃさな散歩,総移動時間10分突破,,,1,,,,,,,,,,,
40010102,DAB02,初めての遠足,総移動時間300分突破,,,,40010101,,,,,,,,,,
40010103,DAB03,思えば遠くに来たもんだ,総移動時間1200分突破,,,,40010102,,,,,,,,,,
40010104,DAB04,此岸を彷徨う,総移動時間6000分突破,,,,40010103,,,,,,,,,,
40010105,DAB05,並ぶもの無き旅人,総移動時間24000分突破,,,,40010104,,,,,,,,,,
40020101,DAC01,歩み始めし者,総移動距離10メートル突破,,,1,,,,,,,,,,,
40020102,DAC02,歩み続けし者,総移動距離5000メートル突破,,,,40020101,,,,,,,,,,
40020103,DAC03,歩み止まらぬ者,総移動距離30000メートル突破,,,,40020102,,,,,,,,,,
40020104,DAC04,歩み彷徨いし者,総移動距離100000メートル突破,,,,40020103,,,,,,,,,,
40020105,DAC05,地の果てまで歩きし者,総移動距離500000メートル突破,,,,40020104,,,,,,,,,,
40030101,DAD01,走りを趣味とする,総ダッシュ時間10分突破,,,1,,,,,,,,,,,
40030102,DAD02,走りを求めし者,総ダッシュ時間60分突破,,,,40030101,,,,,,,,,,
40030103,DAD03,走りに飢えし者,総ダッシュ時間300分突破,,,,40030102,,,,,,,,,,
40030104,DAD04,走りの神髄を求める,総ダッシュ時間1200分突破,,,,40030103,,,,,,,,,,
40030105,DAD05,風と共に走る,総ダッシュ時間3000分突破,,,,40030104,,,,,,,,,,
40040101,DAE01,走り始めし者,総ダッシュ距離100メートル突破,,,1,,,,,,,,,,,
40040102,DAE02,走り続けし者,総ダッシュ距離1000メートル突破,,,,40040101,,,,,,,,,,
40040103,DAE03,走り止まらぬ者,総ダッシュ距離10000メートル突破,,,,40040102,,,,,,,,,,
40040104,DAE04,走り彷徨いし者,総ダッシュ距離50000メートル突破,,,,40040103,,,,,,,,,,
40040105,DAE05,地の果てまで走りし者,総ダッシュ距離100000メートル突破,,,,40040104,,,,,,,,,,
40050101,DAF01,寝落ち中,総落下時間1分突破,,,1,,,,,,,,,,,
40050102,DAF02,落ちる所まで落ちた,総落下時間10分突破,,,,40050101,,,,,,,,,,
40050103,DAF03,軽業師,総落下時間30分突破,,,,40050102,,,,,,,,,,
40050104,DAF04,バンジージャンパー,総落下時間120分突破,,,,40050103,,,,,,,,,,
40050105,DAF05,グレートダイバー,総落下時間300分突破,,,,40050104,,,,,,,,,,
40060101,DAG01,落ち始めし者,総落下距離10メートル突破,,,1,,,,,,,,,,,
40060102,DAG02,落ち続けし者,総落下距離100メートル突破,,,,40060101,,,,,,,,,,
40060103,DAG03,落ち止まらぬ者,総落下距離300メートル突破,,,,40060102,,,,,,,,,,
40060104,DAG04,落ち彷徨いし者,総落下距離1000メートル突破,,,,40060103,,,,,,,,,,
40060105,DAG05,地の底まで落ちし者,総落下距離5000メートル突破,,,,40060104,,,,,,,,,,
40070101,DAH01,落転の始まり,落下死回数1回,,,1,,,,,,,,,,,
40070102,DAH02,落転を楽しむ,落下死回数30回,,,,40070101,,,,,,,,,,
40070103,DAH03,落転の達人,落下死回数100回,,,,40070102,,,,,,,,,,
40070104,DAH04,落転の極み,落下死回数300回,,,,40070103,,,,,,,,,,
40070105,DAH05,落転の仙人,落下死回数1000回,,,,40070104,,,,,,,,,,
40070106,DAH06,落転こそ真理,落下死回数10000回,,,,40070105,,,,,,,,,,
40080101,DAI01,初級解錠者,宝箱開放回数100回,,,1,,,,,,,,,,,
40080102,DAI02,中級解錠者,宝箱開放回数500回,,,,40080101,,,,,,,,,,
40080103,DAI03,熟練解錠者,宝箱開放回数3000回,,,,40080102,,,,,,,,,,
40080104,DAI04,解錠伝承者,宝箱開放回数10000回,,,,40080103,,,,,,,,,,
40080105,DAI05,解錠の神,宝箱開放回数50000回,,,,40080104,,,,,,,,,,
40090101,DAJ01,初級トレジャーハンター,宝箱アイテム入手回数10回,,,1,,,,,,,,,,,
40090102,DAJ02,中級トレジャーハンター,宝箱アイテム入手回数100回,,,,40090101,,,,,,,,,,
40090103,DAJ03,熟練トレジャーハンター,宝箱アイテム入手回数500回,,,,40090102,,,,,,,,,,
40090104,DAJ04,最高のトレジャーハンター,宝箱アイテム入手回数1000回,,,,40090103,,,,,,,,,,
40090105,DAJ05,神業トレジャーハンター,宝箱アイテム入手回数10000回,,,,40090104,,,,,,,,,,
40100101,DB01,罠に愛されし者,トラップ死亡回数30回,,,1,,,,,,,,,,,
40100102,DB02,多くの罠に愛されし者,トラップ死亡回数100回,,,,40100101,,,,,,,,,,
40100103,DB03,罠と共にある者,トラップ死亡回数500回,,,,40100102,,,,,,,,,,
40100104,DB04,くせになってきた,トラップ死亡回数3000回,,,,40100103,,,,,,,,,,
40100105,DB05,人生が罠,トラップ死亡回数10000回,,,,40100104,,,,,,,,,,
#40110101,,不注意極まりない,トラップにかかった回数100回,,,1,,,,,,,,,,,
#40110102,,罠解除は苦手です,トラップにかかった回数300回,,,,,,,,,,,,,,
#40110103,,集中力不足,トラップにかかった回数1000回,,,,,,,,,,,,,,
#40110104,,やくたたず,トラップにかかった回数5000回,,,,,,,,,,,,,,
#40110105,,＊おおっと！＊,トラップにかかった回数10000回,,,,,,,,,,,,,,
#40120101,,見習いアンロッカー,10回宝箱の罠を解除する,,,1,,,,,,,,,,,
#40120102,,アンロッカー,100回宝箱の罠を解除する,,,,,,,,,,,,,,
#40120103,,手馴れたアンロッカー,500回宝箱の罠を解除する,,,,,,,,,,,,,,
#40120104,,熟練アンロッカー,1000回宝箱の罠を解除する,,,,,,,,,,,,,,
#40120105,,天才アンロッカー,5000回宝箱の罠を解除する,,,,,,,,,,,,,,
#40120106,,伝説のアンロッカー,10000回宝箱の罠を解除する,,,,,,,,,,,,,,
#40130101,,違いの分かる,トラップ識別回数100回,,,1,,,,,,,,,,,
#40130102,,罠をみるひと,トラップ識別回数500回,,,,,,,,,,,,,,
#40130103,,識別に定評のある,トラップ識別回数3000回,,,,,,,,,,,,,,
#40130104,,識別班長,トラップ識別回数10000回,,,,,,,,,,,,,,
#40130105,,卓犖たる推眼,トラップ識別回数30000回,,,,,,,,,,,,,,
#4014011,,冒険者に向かない,ギミック死亡回数50回,,,1,,,,,,,,,,,
#4014012,,粗忽者,ギミック死亡回数300回,,,,,,,,,,,,,,
#4014013,,認識ある過失,ギミック死亡回数1000回,,,,,,,,,,,,,,
#4014014,,世界一のマヌケ,ギミック死亡回数5000回,,,,,,,,,,,,,,
#4014015,,いてっ！,ギミック死亡回数10000回,,,,,,,,,,,,,,
40150101,DBF01,胸騒ぎのする,1000回ギミックにひっかかる,,,1,,,,,,,,,,,
40150102,DBF02,わざとらしい,5000回ギミックにひっかかる,,,,40150101,,,,,,,,,,
40150103,DBF03,当たって砕けた,30000回ギミックにひっかかる,,,,40150102,,,,,,,,,,
40150104,DBF04,物は試しの,100000回ギミックにひっかかる,,,,40150103,,,,,,,,,,
40150105,DBF05,実験好きな,300000回ギミックにひっかかる,,,,40150104,,,,,,,,,,
##40160101,,倉庫番,オブジェクト移動距離10メートル突破,,,,,,,,,,,,,,
#40170101,,八つ当たりの,オブジェクト破壊回数100回,,,1,,,,,,,,,,,
#40170102,,試し切り中,オブジェクト破壊回数500回,,,,,,,,,,,,,,
#40170103,,壊し屋,オブジェクト破壊回数1000回,,,,,,,,,,,,,,
#40170104,,スクラップ製造機,オブジェクト破壊回数5000回,,,,,,,,,,,,,,
#40170105,,核撃の鬼神,オブジェクト破壊回数10000回,,,,,,,,,,,,,,
40180101,DBI01,地図を埋めし者,ダンジョンマップ完成数3箇所,,,,,,,,,,,,,,
#40190101,,旧地下水路ダンジョンマスター,クエストの流れで、そのダンジョン（のEXTRAダンジョン）を全踏破すれば,,,,,,,,,,,,,,
40200101,DC01,初級死体運搬者,死体を5回運ぶ,,,1,,,,,,,,,,,
40200102,DC02,中級死体運搬者,死体を10回運ぶ,,,,40200101,,,,,,,,,,
40200103,DC03,熟練死体運搬者,死体を50回運ぶ,,,,40200102,,,,,,,,,,
40200104,DC04,死を運びし者,死体を100回運ぶ,,,,40200103,,,,,,,,,,
40200105,DC05,生殺与奪の権利者,死体を500回運ぶ,,,,40200104,,,,,,,,,,
#アイテム関連,,,,,,,,,,,,,,,,,
50010101,EAB01,初級収集家,入手品質数(良)10個突破,,,1,,,,,,,,,,,
50010102,EAB02,中級収集家,入手品質数(良)30個突破,,,,50010101,,,,,,,,,,
50010103,EAB03,熟練収集家,入手品質数(良)50個突破,,,,50010102,,,,,,,,,,
50010104,EAB04,骨董家,入手品質数(良)100個突破,,,,50010103,,,,,,,,,,
50010105,EAB05,歩く博物館,入手品質数(良)300個突破,,,,50010104,,,,,,,,,,
50010106,EAB06,良品に縁のある,入手品質数(良)5000個突破,,,,50010105,,,,,,,,,,
50020101,EAC01,初級貴重品収集家,入手品質数(匠)10個突破,,,1,,,,,,,,,,,
50020102,EAC02,中級貴重品収集家,入手品質数(匠)30個突破,,,,50020101,,,,,,,,,,
50020103,EAC03,熟練貴重品収集家,入手品質数(匠)50個突破,,,,50020102,,,,,,,,,,
50020104,EAC04,上級鑑定人,入手品質数(匠)100個突破,,,,50020103,,,,,,,,,,
50020105,EAC05,価値を決める者,入手品質数(匠)300個突破,,,,50020104,,,,,,,,,,
50020106,EAC06,言霊に価値の宿る,入手品質数(匠)5000個突破,,,,50020105,,,,,,,,,,
50030101,EAD01,伝説の収集家,入手品質数(伝)10個突破,,,1,,,,,,,,,,,
50030102,EAD02,初級レアハンター,入手品質数(伝)30個突破,,,,50030101,,,,,,,,,,
50030103,EAD03,伝承の担い手,入手品質数(伝)50個突破,,,,50030102,,,,,,,,,,
50030104,EAD04,伝説の目撃者,入手品質数(伝)100個突破,,,,50030103,,,,,,,,,,
50030105,EAD05,冒険譚の主人公,入手品質数(伝)300個突破,,,,50030104,,,,,,,,,,
50040101,EAE01,探求の旅路を行く,入手品質数(特)30個突破,,,1,,,,,,,,,,,
50040102,EAE02,宮廷に名が轟く,入手品質数(特)200個突破,,,,50040101,,,,,,,,,,
50040103,EAE03,歌碑に名を刻まれた,入手品質数(特)5000個突破,,,,50040102,,,,,,,,,,
50040104,EAE04,秘宝の番人,入手品質数(特)15000個突破,,,,50040103,,,,,,,,,,
50040105,EAE05,天運の玉座を得し,入手品質数(特)30000個突破,,,,50040104,,,,,,,,,,
50040201,EAE06,英雄の後継者,入手品質数(英)10個突破,,,1,,,,,,,,,,,
50040202,EAE07,次代の英雄,入手品質数(英)30個突破,,,,50040201,,,,,,,,,,
50040203,EAE08,英雄の道を往く,入手品質数(英)50個突破,,,,50040202,,,,,,,,,,
50040204,EAE09,英雄の軌跡,入手品質数(英)100個突破,,,,50040203,,,,,,,,,,
50040205,EAE10,英雄の叙事詩を紡ぐ,入手品質数(英)300個突破,,,,50040204,,,,,,,,,,
50040206,EAE11,英雄,入手品質数(英)1000個突破,,,,50040205,,,,,,,,,,
50050101,EAF01,道具の効果を知りたい,利用アイテム数500個突破,,,1,,,,,,,,,,,
50050102,EAF02,検証者,利用アイテム数3000個突破,,,,50050101,,,,,,,,,,
50050103,EAF03,地道な研究者,利用アイテム数10000個突破,,,,50050102,,,,,,,,,,
50050104,EAF04,知見の広い,利用アイテム数50000個突破,,,,50050103,,,,,,,,,,
50050105,EAF05,知の巨人,利用アイテム数100000個突破,,,,50050104,,,,,,,,,,
50060101,EAG01,見習いベンダー,500回物を売る,,,1,,,,,,,,,,,
50060102,EAG02,ベンダー,5000回物を売る,,,,50060101,,,,,,,,,,
50060103,EAG03,中堅ベンダー,30000回物を売る,,,,50060102,,,,,,,,,,
50060104,EAG04,熟練ベンダー,150000回物を売る,,,,50060103,,,,,,,,,,
50060105,EAG05,伝説のベンダー,500000回物を売る,,,,50060104,,,,,,,,,,
50060106,EAG06,ボルタック番頭,3000000回物を売る,,,,50060105,,,,,,,,,,
50170101,EBH01,Dimento Private,ディメントメダル（30日）を\n1回使用する。,,1,,,,,,,,,,,,
50170102,EBH02,Dimento Squire,ディメントメダル（30日）を\n3回使用する。,,1,,,,,,,,,,,,
50170103,EBH03,Dimento Ensign,ディメントメダル（30日）を\n5回使用する。,,1,,,,,,,,,,,,
50170104,EBH04,Dimento Officer,ディメントメダル（30日）を\n8回使用する。,,1,,,,,,,,,,,,
50170105,EBH05,Dimento Corporal,ディメントメダル（30日）を\n11回使用する。,,1,,,,,,,,,,,,
50170106,EBH06,Dimento Sergeant,ディメントメダル（30日）を\n15回使用する。,,1,,,,,,,,,,,,
50170107,EBH07,Dimento Lieutenant,ディメントメダル（30日）を\n19回使用する。,,1,,,,,,,,,,,,
50170108,EBH08,Dimento Commander,ディメントメダル（30日）を\n24回使用する。,,1,,,,,,,,,,,,
50170109,EBH09,Dimento Captain,ディメントメダル（30日）を\n29回使用する。,,1,,,,,,,,,,,,
50170110,EBH10,Dimento Major,ディメントメダル（30日）を\n35回使用する。,,1,,,,,,,,,,,,
50170111,EBH11,Dimento Knight,ディメントメダル（30日）を\n41回使用する。,,1,,,,,,,,,,,,
50170112,EBH12,Dimento Colonel,ディメントメダル（30日）を\n48回使用する。,,1,,,,,,,,,,,,
50170113,EBH13,Dimento General,ディメントメダル（30日）を\n55回使用する。,,1,,,,,,,,,,,,
50170114,EBH14,Dimento Baron,ディメントメダル（30日）を\n63回使用する。,,1,,,,,,,,,,,,
50170115,EBH15,Dimento Count,ディメントメダル（30日）を\n71回使用する。,,1,,,,,,,,,,,,
50170116,EBH16,Dimento Earl,ディメントメダル（30日）を\n80回使用する。,,1,,,,,,,,,,,,
50170117,EBH17,Dimento Marquis,ディメントメダル（30日）を\n89回使用する。,,1,,,,,,,,,,,,
50170118,EBH18,Dimento Duke,ディメントメダル（30日）を\n99回使用する。,,1,,,,,,,,,,,,
50170119,EBH19,Dimento Lord,ディメントメダル（30日）を\n109回使用する。,,1,,,,,,,,,,,,
50170120,EBH20,Dimento Master,ディメントメダル（30日）を\n150回使用する。,,1,,,,,,,,,,,,
#ソウルパートナー関連,,,,,,,,,,,,,,,,,
55010101,NAB01,駆け出しブリーダー,ソウルパートナー専用アイテム（EXP）を</br>50回使用する。,,,1,,,,,,,,,,,
55010102,NAB02,初級ブリーダー,ソウルパートナー専用アイテム（EXP）を</br>300回使用する。,,,,55010101,,,,,,,,,,
55010103,NAB03,中級ブリーダー,ソウルパートナー専用アイテム（EXP）を</br>1000回使用する。,,,,55010102,,,,,,,,,,
55010104,NAB04,熟練ブリーダー,ソウルパートナー専用アイテム（EXP）を</br>5000回使用する。,,,,55010103,,,,,,,,,,
55010105,NAB05,トップブリーダー,ソウルパートナー専用アイテム（EXP）を</br>10000回使用する。,,,,55010104,,,,,,,,,,
55010106,NAB06,ブリードマスター,ソウルパートナー専用アイテム（EXP）を</br>30000回使用する。,,,,55010105,,,,,,,,,,
55010107,NAB07,ブリードロード,ソウルパートナー専用アイテム（EXP）を</br>50000回使用する。,,,,55010106,,,,,,,,,,
55010108,NAB08,ソウルパートナー育て屋さん,ソウルパートナー専用アイテム（EXP）を</br>80000回使用する。,,,,55010107,,,,,,,,,,
55020101,NAC01,ソウルパートナーフレンド,ソウルパートナー専用アイテム（親密度）を</br>50回使用する。</br>ソウルパートナーと親密度が6000以上。,,,1,,,,,,,,,,,
55020102,NAC02,パートナーベストフレンド,ソウルパートナー専用アイテム（親密度）を</br>300回使用する。</br>ソウルパートナーと親密度が7000以上。,,,,55020101,,,,,,,,,,
55020103,NAC03,ソウルパートナーバディ,ソウルパートナー専用アイテム（親密度）を</br>1000回使用する。</br>ソウルパートナーと親密度が8000以上。,,,,55020102,,,,,,,,,,
55020104,NAC04,護る者、護られる者,ソウルパートナー専用アイテム（親密度）を</br>5000回使用する。</br>ソウルパートナーと親密度が9000以上。,,,,55020103,,,,,,,,,,
55020105,NAC05,響き合い心交わる,ソウルパートナー専用アイテム（親密度）を</br>10000回使用する。</br>ソウルパートナーと親密度が10000以上。,,,,55020104,,,,,,,,,,
55030101,NAD01,レアカードゲッター,パートナー化するときのレア演出を</br>50回見た。,,,1,,,,,,,,,,,
55030102,NAD02,パーフェクトドロー,パートナー化するときのレア演出を</br>150回見た。,,,,55030101,,,,,,,,,,
55030103,NAD03,運命の引き手,パートナー化するときのレア演出を</br>300回見た。,,,,55030102,,,,,,,,,,
55030104,NAD04,神の引き手,パートナー化するときのレア演出を</br>1000回見た。,,,,55030103,,,,,,,,,,
55030105,NAD05,レアカードのサーチ法知ってます,パートナー化するときのレア演出を</br>5000回見た。,,,,55030104,,,,,,,,,,
55040101,NAE01,継承させる者,ソウルマージに使用したカード枚数</br>50枚以上。,,,1,,,,,,,,,,,
55040102,NAE02,捧げる者,ソウルマージに使用したカード枚数</br>500枚以上。,,,,55040101,,,,,,,,,,
55040103,NAE03,コンポジショナー,ソウルマージに使用したカード枚数</br>5000枚以上。,,,,55040102,,,,,,,,,,
55040104,NAE04,フュージョニスト,ソウルマージに使用したカード枚数</br>10000枚以上。,,,,55040103,,,,,,,,,,
55040105,NAE05,喰わせる者,ソウルマージに使用したカード枚数</br>30000枚以上。,,,,55040104,,,,,,,,,,
55040106,NAE06,ライドオン,ソウルマージに使用したカード枚数</br>50000枚以上。,,,,55040105,,,,,,,,,,
55050101,NAF01,初級カード収集家,ソウルパートナーを30枚以上</br>カード化した。,,,1,,,,,,,,,,,
55050102,NAF02,中級カード収集家,ソウルパートナーを100枚以上</br>カード化した。,,,,55050101,,,,,,,,,,
55050103,NAF03,熟練カード収集家,ソウルパートナーを500枚以上</br>カード化した。,,,,55050102,,,,,,,,,,
55050104,NAF04,Collector,ソウルパートナーを1500枚以上</br>カード化した。,,,,55050103,,,,,,,,,,
55050105,NAF05,Corrector,ソウルパートナーを5000枚以上</br>カード化した。,,,,55050104,,,,,,,,,,
55050106,NAF06,ひたすらカード化,ソウルパートナーを10000枚以上</br>カード化した。,,,,55050105,,,,,,,,,,
55050107,NAF07,汝のあるべき姿に戻れ,ソウルパートナーを30000枚以上</br>カード化した。,,,,55050106,,,,,,,,,,
55060101,NAG01,駆け出しサモナー,ソウルパートナーを100回召喚した。,,,1,,,,,,,,,,,
55060102,NAG02,初級サモナー,ソウルパートナーを5000回召喚した。,,,,55060101,,,,,,,,,,
55060103,NAG03,中級サモナー,ソウルパートナーを10000回召喚した。,,,,55060102,,,,,,,,,,
55060104,NAG04,熟練サモナー,ソウルパートナーを50000回召喚した。,,,,55060103,,,,,,,,,,
55060105,NAG05,サモンマスター,ソウルパートナーを100000回召喚した。,,,,55060104,,,,,,,,,,
55060106,NAG06,サモンロード,ソウルパートナーを300000回召喚した。,,,,55060105,,,,,,,,,,
55060107,NAG07,パートナーが本体,ソウルパートナーを500000回召喚した。,,,,55060106,,,,,,,,,,
55070101,NAH01,ジュジュに通い詰め,ジュジュのところでパートナー化</br>50回突破,,,1,,,,,,,,,,,
55070102,NAH02,ジュジュの常連さん,ジュジュのところでパートナー化</br>100回突破,,,,55070101,,,,,,,,,,
55070103,NAH03,ジュジュのお得意様,ジュジュのところでパートナー化</br>1000回突破,,,,55070102,,,,,,,,,,
55070104,NAH04,パートナーのためのジュジュなんだからねっ,ジュジュのところでパートナー化</br>10000回突破,,,,55070103,,,,,,,,,,
55070105,NAH05,ジュジュのためのソウルパートナー,ジュジュのところでパートナー化</br>50000回突破,,,,55070104,,,,,,,,,,
55080101,NAI01,ソウルパートナー学士,ソウルパートナー収集数が20体に達した。,,,1,,,,,,,,,,,
55080102,NAI02,ソウルパートナー修士,ソウルパートナー収集数が45体に達した。,,,,55080101,,,,,,,,,,
55080103,NAI03,ソウルパートナー助手,ソウルパートナー収集数が60体に達した。,,,,55080102,,,,,,,,,,
55080104,NAI04,ソウルパートナー博士,ソウルパートナー収集数が100体に達した。,,,,55080103,,,,,,,,,,
55080105,NAI05,ジュジュより詳しいっ,ソウルパートナー収集数が150体に達した。,,,,55080104,,,,,,,,,,
55090101,NAJ01,ソウルパートナーライカー,ソウルパートナーとの親密度MAXが10体に達した。,,,1,,,,,,,,,,,
55090102,NAJ02,ソウルパートナー博愛主義,ソウルパートナーとの親密度MAXが30体に達した。,,,,55090101,,,,,,,,,,
55090103,NAJ03,ラブ・ソウルパートナー,ソウルパートナーとの親密度MAXが50体に達した。,,,,55090102,,,,,,,,,,
55090104,NAJ04,ハグ・ソウルパートナー,ソウルパートナーとの親密度MAXが80体に達した。,,,,55090103,,,,,,,,,,
55090105,NAJ05,ソウルパートナー攻略王,ソウルパートナーとの親密度MAXが100体に達した。,,,,55090104,,,,,,,,,,
55100101,NB01,カリグラーゼ下水道探検隊,ソウルパートナーがカリグラーゼ下水道の探索報酬をコンプリートした。,,,1,,,,,,,,,,,
55100102,NB02,カオカ・パラージ遺跡探検隊,ソウルパートナーがカオカ・パラージ遺跡の探索報酬をコンプリートした。,,,1,,,,,,,,,,,
55100103,NB03,デルティス大蔵室探検隊,ソウルパートナーがデルティス大蔵室の探索報酬をコンプリートした。,,,1,,,,,,,,,,,
55100104,NB04,黄龍の神殿跡探検隊,ソウルパートナーが黄龍の神殿跡の探索報酬をコンプリートした。,,,1,,,,,,,,,,,
55100105,NB05,チコル城址探検隊,ソウルパートナーがチコル城址の探索報酬をコンプリートした。,,,1,,,,,,,,,,,
55100106,NB06,アリア川貯水窟探検隊,ソウルパートナーがアリア川貯水窟の探索報酬をコンプリートした。,,,1,,,,,,,,,,,
55100107,NB07,忘却の寺院探検隊,ソウルパートナーが忘却の寺院の探索報酬をコンプリートした。,,,1,,,,,,,,,,,
55100108,NB08,旧地下水路探検隊,ソウルパートナーが旧地下水路の探索報酬をコンプリートした。,,,1,,,,,,,,,,,
55100109,NB09,降偉の祭儀場跡探検隊,ソウルパートナーが降偉の祭儀場跡の探索報酬をコンプリートした。,,,1,,,,,,,,,,,
55100110,NB10,ロサワルド水没砦探検隊,ソウルパートナーがロサワルド水没砦の探索報酬をコンプリートした。,,,1,,,,,,,,,,,
55100111,NB11,荒廃の廓探検隊,ソウルパートナーが荒廃の廓の探索報酬をコンプリートした。,,,1,,,,,,,,,,,
55100112,NB12,１３号施設探検隊,ソウルパートナーが１３号施設の探索報酬をコンプリートした。,,,1,,,,,,,,,,,
55100113,NB13,暗澹たる円卓探検隊,ソウルパートナーが暗澹たる円卓の探索報酬をコンプリートした。,,,1,,,,,,,,,,,
55100114,NB14,サンジェント遺跡探検隊,ソウルパートナーがサンジェント遺跡の探索報酬をコンプリートした。,,,1,,,,,,,,,,,
55100115,NB15,ロットハーディーの廃墟探検隊,ソウルパートナーがロットハーディーの廃墟の探索報酬をコンプリートした。,,,1,,,,,,,,,,,
55100116,NB16,昏き揺らぎの地探検隊,ソウルパートナーが昏き揺らぎの地の探索報酬をコンプリートした。,,,1,,,,,,,,,,,
55100117,NB17,バビリム空中庭園探検隊,ソウルパートナーがバビリム空中庭園の探索報酬をコンプリートした。,,,1,,,,,,,,,,,
55100118,NB18,アッザームの試練場探検隊,ソウルパートナーがアッザームの試練場の探索報酬をコンプリートした。,,,1,,,,,,,,,,,
55100119,NB19,狂気の館探検隊,ソウルパートナーが狂気の館の探索報酬をコンプリートした。,,,1,,,,,,,,,,,
55100120,NB20,深淵の迷宮探検隊,ソウルパートナーが深淵の迷宮の探索報酬をコンプリートした。,,,1,,,,,,,,,,,
55100121,NB21,シャーデの迷宮探検隊,ソウルパートナーがシャーデの迷宮の探索報酬をコンプリートした。,,,1,,,,,,,,,,,
55100122,NB22,ユークリッドの無限回廊探検隊,ソウルパートナーがユークリッドの無限回廊の探索報酬をコンプリートした。,,,1,,,,,,,,,,,
55100123,NB23,夢幻の試練場探検隊,ソウルパートナーが夢幻の試練場の探索報酬をコンプリートした。,,,1,,,,,,,,,,,
55100124,NB24,愛欲と淫虐の館探検隊,ソウルパートナーが愛欲と淫虐の館の探索報酬をコンプリートした。,,,1,,,,,,,,,,,
55100125,NB25,蒼の洞窟探検隊,ソウルパートナーが蒼の洞窟の探索報酬をコンプリートした。,,,1,,,,,,,,,,,
55100126,NB26,ミスカトニック大学分校探検隊,ソウルパートナーがミスカトニック大学分校の探索報酬をコンプリートした。,,,1,,,,,,,,,,,
55100127,NB27,イルヴァンボーレ鉱山探検隊,ソウルパートナーがイルヴァンボーレ鉱山の探索報酬をコンプリートした。,,,1,,,,,,,,,,,
55100128,NB28,狂王の試練場探検隊,ソウルパートナーが狂王の試練場の探索報酬をコンプリートした。,,,1,,,,,,,,,,,
55100129,NB29,混沌のシュトラーゼ探検隊,ソウルパートナーが混沌のシュトラーゼの探索報酬をコンプリートした。,,,1,,,,,,,,,,,
#55990101,,ケモナー,ワーラットとワーウルフとワータイガーの</br>カードがインベントリにある状態で</br>ジュジュと話す。,,,,,,,,,,,,,,
#ゴールド関連,,,,,,,,,,,,,,,,,
60010101,FAB01,小金持ちの冒険者,入手金額10000G突破,,,1,,,,,,,,,,,
60010102,FAB02,蓄えのある冒険者,入手金額100000G突破,,,,60010101,,,,,,,,,,
60010103,FAB03,裕福な冒険者,入手金額500000G突破,,,,60010102,,,,,,,,,,
60010104,FAB04,富豪の冒険者,入手金額1000000G突破,,,,60010103,,,,,,,,,,
60010105,FAB05,大富豪の冒険者,入手金額5000000G突破,,,,60010104,,,,,,,,,,
60010106,FAB06,金色に輝く,入手金額10000000G突破,,,,60010105,,,,,,,,,,
60010107,FAB07,蓄財上手な,入手金額100000000G突破,,,,60010106,,,,,,,,,,
#60020101,,一般消費者,使用金額10000G突破,,,1,,,,,,,,,,,
#60020102,,倹約知らずの,使用金額100000G突破,,,,,,,,,,,,,,
#60020103,,無駄遣いの多い,使用金額500000G突破,,,,,,,,,,,,,,
#60020104,,浪費家,使用金額1000000G突破,,,,,,,,,,,,,,
#60020105,,買い物依存症,使用金額5000000G突破,,,,,,,,,,,,,,
60030101,FAD01,鍛冶屋通いの,修理金額10000G突破,,,1,,,,,,,,,,,
60030102,FAD02,鍛冶屋の常連,修理金額50000G突破,,,,60030101,,,,,,,,,,
60030103,FAD03,鍛冶屋の御得意様,修理金額100000G突破,,,,60030102,,,,,,,,,,
60030104,FAD04,良い物は使い続けたい,修理金額500000G突破,,,,60030103,,,,,,,,,,
60030105,FAD05,本当は自分で修理したい,修理金額1000000G突破,,,,60030104,,,,,,,,,,
60040101,FAE01,鍛錬職人,鍛錬金額30000G突破,,,1,,,,,,,,,,,
60040102,FAE02,一流鍛錬職人,鍛錬金額500000G突破,,,,60040101,,,,,,,,,,
60040103,FAE03,鍛錬屋ギルドの重鎮,鍛錬金額3000000G突破,,,,60040102,,,,,,,,,,
60040104,FAE04,巨匠,鍛錬金額15000000G突破,,,,60040103,,,,,,,,,,
60040105,FAE05,鋼鉄の申し子,鍛錬金額500000000G突破,,,,60040104,,,,,,,,,,
60050101,FAF01,1万Gの魂,天秤に捧げた金額10000G突破,,,1,,,,,,,,,,,
60050102,FAF02,10万Gの魂,天秤に捧げた金額100000G突破,,,,60050101,,,,,,,,,,
60050103,FAF03,100万Gの魂,天秤に捧げた金額1000000G突破,,,,60050102,,,,,,,,,,
60050104,FAF04,1000万Gの魂,天秤に捧げた金額10000000G突破,,,,60050103,,,,,,,,,,
60050105,FAF05,1億Gの魂,天秤に捧げた金額100000000G突破,,,,60050104,,,,,,,,,,
#60060101,,無名の慈善家,蘇生に費やした金額10000G突破,,,,,,,,,,,,,,
#冒険者メダル関連,,,,,,,,,,,,,,,,,
#65010101,,冒険者メダルブロンズ1,入手冒険者メダル10突破,,,1,,,,,,,,,,,
#65010102,,冒険者メダルブロンズ2,入手冒険者メダル100突破,,,,65010101,,,,,,,,,,
#65010103,,冒険者メダルブロンズ3,入手冒険者メダル1000突破,,,,65010102,,,,,,,,,,
#65010104,,冒険者メダルブロンズ4,入手冒険者メダル2500突破,,,,65010103,,,,,,,,,,
#65010105,,冒険者メダルブロンズ5,入手冒険者メダル5000突破,,,,65010104,,,,,,,,,,
#65010106,,冒険者メダルブロンズ6,入手冒険者メダル10000突破,,,,65010105,,,,,,,,,,
#65010107,,冒険者メダルブロンズ7,入手冒険者メダル25000突破,,,,65010106,,,,,,,,,,
#65010108,,冒険者メダルブロンズ8,入手冒険者メダル50000突破,,,,65010107,,,,,,,,,,
#65010109,,冒険者メダルブロンズ9,入手冒険者メダル100000突破,,,,65010108,,,,,,,,,,
#65010110,,冒険者メダルブロンズ10,入手冒険者メダル250000突破,,,,65010109,,,,,,,,,,
#65010111,,冒険者メダルブロンズ11,入手冒険者メダル500000突破,,,,65010110,,,,,,,,,,
#65010112,,冒険者メダルブロンズ12,入手冒険者メダル1000000突破,,,,65010111,,,,,,,,,,
65020101,FAC01,礼には及ばない,入手冒険者メダル10突破,,,1,,,,,,,,,,,
65020102,FAC02,情けは人の為ならず,入手冒険者メダル100突破,,,,65020101,,,,,,,,,,
65020103,FAC03,助っ人,入手冒険者メダル1000突破,,,,65020102,,,,,,,,,,
65020104,FAC04,世話焼き,入手冒険者メダル2500突破,,,,65020103,,,,,,,,,,
65020105,FAC05,お呼びとあらば即参上！,入手冒険者メダル5000突破,,,,65020104,,,,,,,,,,
65020106,FAC06,名乗るほどの者では…,入手冒険者メダル10000突破,,,,65020105,,,,,,,,,,
65020107,FAC07,師匠,入手冒険者メダル25000突破,,,,65020106,,,,,,,,,,
65020108,FAC08,お人好し,入手冒険者メダル50000突破,,,,65020107,,,,,,,,,,
65020109,FAC09,みんなのヒーロー,入手冒険者メダル100000突破,,,,65020108,,,,,,,,,,
65020110,FAC10,お手伝いキング,入手冒険者メダル250000突破,,,,65020109,,,,,,,,,,
65020111,FAC11,救世主,入手冒険者メダル500000突破,,,,65020110,,,,,,,,,,
65020112,FAC12,あなたが神か,入手冒険者メダル1000000突破,,,,65020111,,,,,,,,,,
#65030101,,冒険者メダルゴールド1,入手冒険者メダル10突破,,,1,,,,,,,,,,,
#65030102,,冒険者メダルゴールド2,入手冒険者メダル100突破,,,,65030101,,,,,,,,,,
#65030103,,冒険者メダルゴールド3,入手冒険者メダル1000突破,,,,65030102,,,,,,,,,,
#65030104,,冒険者メダルゴールド4,入手冒険者メダル2500突破,,,,65030103,,,,,,,,,,
#65030105,,冒険者メダルゴールド5,入手冒険者メダル5000突破,,,,65030104,,,,,,,,,,
#65030106,,冒険者メダルゴールド6,入手冒険者メダル10000突破,,,,65030105,,,,,,,,,,
#65030107,,冒険者メダルゴールド7,入手冒険者メダル25000突破,,,,65030106,,,,,,,,,,
#65030108,,冒険者メダルゴールド8,入手冒険者メダル50000突破,,,,65030107,,,,,,,,,,
#65030109,,冒険者メダルゴールド9,入手冒険者メダル100000突破,,,,65030108,,,,,,,,,,
#65030110,,冒険者メダルゴールド10,入手冒険者メダル250000突破,,,,65030109,,,,,,,,,,
#65030111,,冒険者メダルゴールド11,入手冒険者メダル500000突破,,,,65030110,,,,,,,,,,
#65030112,,冒険者メダルゴールド12,入手冒険者メダル1000000突破,,,,65030111,,,,,,,,,,
#鑑定・鍛錬,,,,,,,,,,,,,,,,,
70010101,GAB01,初級鑑定士,50回鑑定成功する,,,1,,,,,,,,,,,
70010102,GAB02,中級鑑定士,300回鑑定成功する,,,,70010101,,,,,,,,,,
70010103,GAB03,熟練鑑定士,5000回鑑定成功する,,,,70010102,,,,,,,,,,
70010104,GAB04,伝説の鑑定士,10000回鑑定成功する,,,,70010103,,,,,,,,,,
70010105,GAB05,神の目を持つ者,30000回鑑定成功する,,,,70010104,,,,,,,,,,
70020101,GAC01,初級鍛錬師,10回鍛錬が成功する,,,1,,,,,,,,,,,
70020102,GAC02,中級鍛錬師,50回鍛錬が成功する,,,,70020101,,,,,,,,,,
70020103,GAC03,熟練鍛錬師,300回鍛錬が成功する,,,,70020102,,,,,,,,,,
70020104,GAC04,天才鍛錬師,1000回鍛錬が成功する,,,,70020103,,,,,,,,,,
70020105,GAC05,鍛錬神,5000回鍛錬が成功する,,,,70020104,,,,,,,,,,
70020106,GAC06,鍛錬の道を行く,10000回鍛錬が成功する,,,,70020105,,,,,,,,,,
#70030101,,失いし者,5回鍛錬でアイテムが消滅する,,,1,,,,,,,,,,,
#70030102,,損得勘定,10回鍛錬でアイテムが消滅する,,,,70030101,,,,,,,,,,
#70030103,,武具は折れても心は折れぬ,50回鍛錬でアイテムが消滅する,,,,70030102,,,,,,,,,,
#70030104,,誇りだけは失わぬ,100回鍛錬でアイテムが消滅する,,,,70030103,,,,,,,,,,
#70030105,,損失王,500回鍛錬でアイテムが消滅する,,,,70030104,,,,,,,,,,
70040101,GAE01,+5の鍛錬者,鍛錬に＋5まで成功する,,,1,,,,,,,,,,,
70040102,GAE02,+6の鍛錬者,鍛錬に＋6まで成功する,,,,70040101,,,,,,,,,,
70040103,GAE03,+7の鍛錬者,鍛錬に＋7まで成功する,,,,70040102,,,,,,,,,,
70040104,GAE04,+8の鍛錬者,鍛錬に＋8まで成功する,,,,70040103,,,,,,,,,,
70040105,GAE05,+9の鍛錬者,鍛錬に＋9まで成功する,,,,70040104,,,,,,,,,,
70040106,GAE06,+10の鍛錬者,鍛錬に＋10まで成功する,,,,70040105,,,,,,,,,,
#ステータス,,,,,,,,,,,,,,,,,
80010101,HAB01,駆け出し冒険者,キャラクターがレベル2に到達,,,1,,,,,,,,,,,
80010102,HAB02,初級冒険者,キャラクターがレベル10に到達,,,,80010101,,,,,,,,,,
80010103,HAB03,中級冒険者,キャラクターがレベル30に到達,,,,80010102,,,,,,,,,,
80010104,HAB04,上級冒険者,キャラクターがレベル45に到達,,,,80010103,,,,,,,,,,
80010105,HAB05,熟練冒険者,キャラクターがレベル48に到達,,,,80010104,,,,,,,,,,
80010106,HAB06,クラスマスター,キャラクターがレベル50に到達,,,,80010105,,,,,,,,,,
80010107,HAB07,シルバーマスター,キャラクターがレベル60に到達,,,,80010106,,,,,,,,,,
80010108,HAB08,ゴールドマスター,キャラクターがレベル70に到達,,,,80010107,,,,,,,,,,
80010109,HAB09,ハイマスター,キャラクターがレベル80に到達,,,,80010108,,,,,,,,,,
80010110,HAB10,プラチナマスター,キャラクターがレベル90に到達,,,,80010109,,,,,,,,,,
80010111,HAB11,アークマスター,キャラクターがレベル99に到達,,,,80010110,,,,,,,,,,
80020101,HAC01,ブロンズソウル,1ソウルの全キャラクタ合計到達</br>レベル15突破,,,1,,,,,,,,,,,
80020102,HAC02,シルバーソウル,1ソウルの全キャラクタ合計到達</br>レベル30突破,,,,80020101,,,,,,,,,,
80020103,HAC03,ゴールデンソウル,1ソウルの全キャラクタ合計到達</br>レベル45突破,,,,80020102,,,,,,,,,,
80020104,HAC04,ダイヤモンドソウル,1ソウルの全キャラクタ合計到達</br>レベル60突破,,,,80020103,,,,,,,,,,
80020105,HAC05,ソウルマスター,1ソウルの全キャラクタ合計到達</br>レベル75突破,,,,80020104,,,,,,,,,,
80030101,HAD01,ジュニアファイター,戦士LV15,,,1,,,,,,,,,,,
80030102,HAD02,ミディアムファイター,戦士LV30,,,,80030101,,,,,,,,,,
80030103,HAD03,ハイファイター,戦士LV45,,,,80030102,,,,,,,,,,
80030104,HAD04,マスターファイター,戦士LV50,,,,80030103,,,,,,,,,,
80030105,HAD05,アダマントファイター,戦士LV90,,,,80030104,,,,,,,,,,
80030201,HAD06,ジュニアサムライ,侍LV15,,,1,,,,,,,,,,,
80030202,HAD07,ミディアムサムライ,侍LV30,,,,80030201,,,,,,,,,,
80030203,HAD08,ハイサムライ,侍LV45,,,,80030202,,,,,,,,,,
80030204,HAD09,マスターサムライ,侍LV50,,,,80030203,,,,,,,,,,
80030205,HAD10,アダマントサムライ,侍LV90,,,,80030204,,,,,,,,,,
80040101,HAE01,ジュニアプリースト,僧侶LV15,,,1,,,,,,,,,,,
80040102,HAE02,ミディアムプリースト,僧侶LV30,,,,80040101,,,,,,,,,,
80040103,HAE03,ハイプリースト,僧侶LV45,,,,80040102,,,,,,,,,,
80040104,HAE04,マスタープリースト,僧侶LV50,,,,80040103,,,,,,,,,,
80040105,HAE05,アダマントプリースト,僧侶LV90,,,,80040104,,,,,,,,,,
80040201,HAE06,ジュニアビショップ,司教LV15,,,1,,,,,,,,,,,
80040202,HAE07,ミディアムビショップ,司教LV30,,,,80040201,,,,,,,,,,
80040203,HAE08,ハイビショップ,司教LV45,,,,80040202,,,,,,,,,,
80040204,HAE09,マスタービショップ,司教LV50,,,,80040203,,,,,,,,,,
80040205,HAE10,アダマントビショップ,司教LV90,,,,80040204,,,,,,,,,,
80050101,HAF01,ジュニアシーフ,盗賊LV15,,,1,,,,,,,,,,,
80050102,HAF02,ミディアムシーフ,盗賊LV30,,,,80050101,,,,,,,,,,
80050103,HAF03,ハイシーフ,盗賊LV45,,,,80050102,,,,,,,,,,
80050104,HAF04,マスターシーフ,盗賊LV50,,,,80050103,,,,,,,,,,
80050105,HAF05,アダマントシーフ,盗賊LV90,,,,80050104,,,,,,,,,,
80050201,HAF06,ジュニアニンジャ,忍者LV15,,,1,,,,,,,,,,,
80050202,HAF07,ミディアムニンジャ,忍者LV30,,,,80050201,,,,,,,,,,
80050203,HAF08,ハイニンジャ,忍者LV45,,,,80050202,,,,,,,,,,
80050204,HAF09,マスターニンジャ,忍者LV50,,,,80050203,,,,,,,,,,
80050205,HAF10,アダマントニンジャ,忍者LV90,,,,80050204,,,,,,,,,,
80060101,HAG01,ジュニアメイジ,魔法使いLV15,,,1,,,,,,,,,,,
80060102,HAG02,ミディアムメイジ,魔法使いLV30,,,,80060101,,,,,,,,,,
80060103,HAG03,ハイメイジ,魔法使いLV45,,,,80060102,,,,,,,,,,
80060104,HAG04,マスターメイジ,魔法使いLV50,,,,80060103,,,,,,,,,,
80060105,HAG05,アダマントメイジ,魔法使いLV90,,,,80060104,,,,,,,,,,
80060201,HAG06,ジュニアロード,君主LV15,,,1,,,,,,,,,,,
80060202,HAG07,ミディアムロード,君主LV30,,,,80060201,,,,,,,,,,
80060203,HAG08,ハイロード,君主LV45,,,,80060202,,,,,,,,,,
80060204,HAG09,マスターロード,君主LV50,,,,80060203,,,,,,,,,,
80060205,HAG10,アダマントロード,君主LV90,,,,80060204,,,,,,,,,,
80070101,HAH01,ジュニアクラウン,道化師LV15,,,1,,,,,,,,,,,
80070102,HAH02,ミディアムクラウン,道化師LV30,,,,80070101,,,,,,,,,,
80070103,HAH03,ハイクラウン,道化師LV45,,,,80070102,,,,,,,,,,
80070104,HAH04,マスタークラウン,道化師LV50,,,,80070103,,,,,,,,,,
80070105,HAH05,アダマントクラウン,道化師LV90,,,,80070104,,,,,,,,,,
80070201,HAH06,ジュニアアルケミスト,錬金術師LV15,,,1,,,,,,,,,,,
80070202,HAH07,ミディアムアルケミスト,錬金術師LV30,,,,80070201,,,,,,,,,,
80070203,HAH08,ハイアルケミスト,錬金術師LV45,,,,80070202,,,,,,,,,,
80070204,HAH09,マスターアルケミスト,錬金術師LV50,,,,80070203,,,,,,,,,,
80070205,HAH10,アダマントアルケミスト,錬金術師LV90,,,,80070204,,,,,,,,,,
#80070101,,脱初心者,入手経験値1000突破,,,1,,,,,,,,,,,
#80070102,,一人前,入手経験値10000突破,,,,80070101,,,,,,,,,,
#80070103,,円熟した,入手経験値100000突破,,,,80070102,,,,,,,,,,
#80070104,,皆の尊敬を集める,入手経験値1000000突破,,,,80070103,,,,,,,,,,
#80070105,,名もなき英雄,入手経験値10000000突破,,,,80070104,,,,,,,,,,
#80080101,,自称熟練者,ソウルの入手経験値</br>合計5000突破,,,1,,,,,,,,,,,
#80080102,,ベテランと呼ばれたい,ソウルの入手経験値</br>合計30000突破,,,,80080101,,,,,,,,,,
#80080103,,経験豊富,ソウルの入手経験値</br>合計500000突破,,,,80080102,,,,,,,,,,
#80080104,,武術指南,ソウルの入手経験値</br>合計2500000突破,,,,80080103,,,,,,,,,,
#80080105,,征服者の魂,ソウルの入手経験値</br>合計50000000突破,,,,80080104,,,,,,,,,,
80090101,HAJ01,力持ち,STR値20突破,,,1,,,,,,,,,,,
80090102,HAJ02,驚異の腕力,STR値30突破,,,,80090101,,,,,,,,,,
80090103,HAJ03,類稀なる腕力,STR値40突破,,,,80090102,,,,,,,,,,
80090104,HAJ04,天下一の腕力,STR値50突破,,,,80090103,,,,,,,,,,
80090105,HAJ05,一騎当千,STR値60突破,,,,80090104,,,,,,,,,,
80100101,HB01,丈夫な,VIT値20突破,,,1,,,,,,,,,,,
80100102,HB02,驚異の生命力,VIT値30突破,,,,80100101,,,,,,,,,,
80100103,HB03,類稀なる生命力,VIT値40突破,,,,80100102,,,,,,,,,,
80100104,HB04,天下一の生命力,VIT値50突破,,,,80100103,,,,,,,,,,
80100105,HB05,堅牢無比,VIT値60突破,,,,80100104,,,,,,,,,,
80110101,HBB01,器用な,DEX値20突破,,,1,,,,,,,,,,,
80110102,HBB02,驚異の器用さ,DEX値30突破,,,,80110101,,,,,,,,,,
80110103,HBB03,類稀なる器用さ,DEX値40突破,,,,80110102,,,,,,,,,,
80110104,HBB04,天下一の器用さ,DEX値50突破,,,,80110103,,,,,,,,,,
80110105,HBB05,百発百中,DEX値60突破,,,,80110104,,,,,,,,,,
80120101,HBC01,俊敏な,AGI値20突破,,,1,,,,,,,,,,,
80120102,HBC02,驚異の俊敏性,AGI値30突破,,,,80120101,,,,,,,,,,
80120103,HBC03,類稀なる俊敏性,AGI値40突破,,,,80120102,,,,,,,,,,
80120104,HBC04,天下一の俊敏性,AGI値50突破,,,,80120103,,,,,,,,,,
80120105,HBC05,自在不羈,AGI値60突破,,,,80120104,,,,,,,,,,
80130101,HBD01,知恵者,INT値20突破,,,1,,,,,,,,,,,
80130102,HBD02,驚異の知恵者,INT値30突破,,,,80130101,,,,,,,,,,
80130103,HBD03,類稀なる知恵者,INT値40突破,,,,80130102,,,,,,,,,,
80130104,HBD04,天下一の知恵者,INT値50突破,,,,80130103,,,,,,,,,,
80130105,HBD05,洽覧深識,INT値60突破,,,,80130104,,,,,,,,,,
80140101,HBE01,信心の,PIE値20突破,,,1,,,,,,,,,,,
80140102,HBE02,驚異の信仰心,PIE値30突破,,,,80140101,,,,,,,,,,
80140103,HBE03,類稀なる信仰心,PIE値40突破,,,,80140102,,,,,,,,,,
80140104,HBE04,天下一の信仰心,PIE値50突破,,,,80140103,,,,,,,,,,
80140105,HBE05,寂滅為楽,PIE値60突破,,,,80140104,,,,,,,,,,
80150101,HBF01,運試しの,LUK値20突破,,,1,,,,,,,,,,,
80150102,HBF02,幸運の,LUK値30突破,,,,80150101,,,,,,,,,,
80150103,HBF03,驚異の幸運,LUK値40突破,,,,80150102,,,,,,,,,,
80150104,HBF04,類稀なる幸運,LUK値50突破,,,,80150103,,,,,,,,,,
80150105,HBF05,運否天賦,LUK値60突破,,,,80150104,,,,,,,,,,
80160101,HBG01,二足の草鞋,利用職種数2種,,,1,,,,,,,,,,,
80160102,HBG02,心機一転,利用職種数3種,,,,80160101,,,,,,,,,,
80160103,HBG03,分厚い履歴書を持つ,利用職種数4種,,,,80160102,,,,,,,,,,
#80170101,,内定募集中,利用可能職種数2種,,,,,,,,,,,,,,
80180101,HBI01,転職者,転職数1回,,,1,,,,,,,,,,,
80180102,HBI02,華麗なる転身,転職数2回,,,,80180101,,,,,,,,,,
80180103,HBI03,自分探しの,転職数3回,,,,80180102,,,,,,,,,,
80180104,HBI04,ローリングストーン,転職数4回,,,,80180103,,,,,,,,,,
80180105,HBI05,根無し草,転職数5回,,,,80180104,,,,,,,,,,
#80190101,,転生せし者,1回転生する,,,1,,,,,,,,,,,
#80190102,,転生を繰り返し者,5回転生する,,,,80190101,,,,,,,,,,
#80190103,,転生の管理者,20回転生する,,,,80190102,,,,,,,,,,
#80190104,,リインカーネーションマスター,100回転生する,,,,80190103,,,,,,,,,,
80200101,HC01,善い人,アライメント値(秩序)150突破,,,1,,,,,,,,,,,
80200102,HC02,正義漢,アライメント値(秩序)300突破,,,,80200101,,,,,,,,,,
80200103,HC03,人格者,アライメント値(秩序)500突破,,,,80200102,,,,,,,,,,
80200104,HC04,法の番人,アライメント値(秩序)1000突破,,,,80200103,,,,,,,,,,
#80200105,,天界の司法官,アライメント値(秩序)2000突破,,,,80200104,,,,,,,,,,
#80200106,,光天使,アライメント値(秩序)3000突破,,,,80200105,,,,,,,,,,
80210101,HCB01,偏らない,アライメント値(中立)150突破,,,1,,,,,,,,,,,
80210102,HCB02,中庸の,アライメント値(中立)300突破,,,,80210101,,,,,,,,,,
80210103,HCB03,調和を望む,アライメント値(中立)500突破,,,,80210102,,,,,,,,,,
80210104,HCB04,法の調停者,アライメント値(中立)1000突破,,,,80210103,,,,,,,,,,
#80210105,,魂の天秤,アライメント値(中立)2000突破,,,,80210104,,,,,,,,,,
#80210106,,神龍の相続者,アライメント値(中立)3000突破,,,,80210105,,,,,,,,,,
80220101,HCC01,自由人,アライメント値(混沌)150突破,,,1,,,,,,,,,,,
80220102,HCC02,己の道を行く,アライメント値(混沌)300突破,,,,80220101,,,,,,,,,,
80220103,HCC03,自由闊達,アライメント値(混沌)500突破,,,,80220102,,,,,,,,,,
80220104,HCC04,法の放免者,アライメント値(混沌)1000突破,,,,80220103,,,,,,,,,,
#80220105,,混沌の権化,アライメント値(混沌)2000突破,,,,80220104,,,,,,,,,,
#80220106,,闇天使,アライメント値(混沌)3000突破,,,,80220105,,,,,,,,,,
#80230101,,ボランティア志望者,秩序でいた時間30分突破,,,1,,,,,,,,,,,
#80230102,,仕切り屋,秩序でいた時間24時間突破,,,,80230101,,,,,,,,,,
#80230103,,律格の体現者,秩序でいた時間100時間突破,,,,80230102,,,,,,,,,,
#80240101,,空気の読める,中立でいた時間30分突破,,,1,,,,,,,,,,,
#80240102,,八方美人,中立でいた時間24時間突破,,,,,,,,,,,,,,
#80240103,,不偏不党,中立でいた時間100時間突破,,,,,,,,,,,,,,
#80250101,,自分に正直な,混沌でいた時間30分突破,,,1,,,,,,,,,,,
#80250102,,自由人,混沌でいた時間24時間突破,,,,,,,,,,,,,,
#80250103,,深紅の流雲,混沌でいた時間100時間突破,,,,,,,,,,,,,,
#80270101,,連環に囚われし,入手ソウルマテリアル(輪廻)</br>100突破,,,1,,,,,,,,,,,
#80270102,,巡り来る,入手ソウルマテリアル(輪廻)</br>500突破,,,,,,,,,,,,,,
#80270103,,不断の理,入手ソウルマテリアル(輪廻)</br>1000突破,,,,,,,,,,,,,,
#80270104,,廻る魂,入手ソウルマテリアル(輪廻)</br>10000突破,,,,,,,,,,,,,,
#80270105,,久遠の集点,入手ソウルマテリアル(輪廻)</br>25000突破,,,,,,,,,,,,,,
#80280101,,土くれの魂,入手ソウルマテリアル(秩序)</br>50突破,,,1,,,,,,,,,,,
#80280102,,青銅の魂,入手ソウルマテリアル(秩序)</br>300突破,,,,,,,,,,,,,,
#80280103,,銀の魂,入手ソウルマテリアル(秩序)</br>3000突破,,,,,,,,,,,,,,
#80280104,,金の魂,入手ソウルマテリアル(秩序)</br>15000突破,,,,,,,,,,,,,,
#80280105,,白金の魂,入手ソウルマテリアル(秩序)</br>30000突破,,,,,,,,,,,,,,
#80290101,,赤原にたなびく,入手ソウルマテリアル(混沌)</br>30突破,,,1,,,,,,,,,,,
#80290102,,湧きあがる衝動,入手ソウルマテリアル(混沌)</br>150突破,,,,,,,,,,,,,,
#80290103,,相剋の螺旋,入手ソウルマテリアル(混沌)</br>1500突破,,,,,,,,,,,,,,
#80290104,,混沌の福音,入手ソウルマテリアル(混沌)</br>20000突破,,,,,,,,,,,,,,
#80290105,,魂の烙印,入手ソウルマテリアル(混沌)</br>35000突破,,,,,,,,,,,,,,
80300101,HD01,クラアドFig,ポイント99999999突破,,1,,,,,,,,,,,,
80300201,HD02,クラアドThi,ポイント99999999突破,,1,,,,,,,,,,,,
80300301,HD03,クラアドMag,ポイント99999999突破,,1,,,,,,,,,,,,
80300401,HD04,クラアドPri,ポイント99999999突破,,1,,,,,,,,,,,,
80300501,HD05,クラアドSam,ポイント99999999突破,,1,,,,,,,,,,,,
80300601,HD06,クラアドNin,ポイント99999999突破,,1,,,,,,,,,,,,
80300701,HD07,クラアドBis,ポイント99999999突破,,1,,,,,,,,,,,,
80300801,HD08,クラアドLor,ポイント99999999突破,,1,,,,,,,,,,,,
80300901,HD09,クラアドClo,ポイント99999999突破,,1,,,,,,,,,,,,
80301001,HD10,クラアドAlc,ポイント99999999突破,,1,,,,,,,,,,,,
#その他,,,,,,,,,,,,,,,,,
90070101,IAH01,手習い始め,入手スキル2個,,,1,,,,,,,,,,,
90070102,IAH02,技術を磨く,入手スキル8個,,,,90070101,,,,,,,,,,
90090101,IAJ01,リアニメーター,他人蘇生回数5回,,,1,,,,,,,,,,,
90090102,IAJ02,蘇生術を学ぶ,他人蘇生回数50回,,,,90090101,,,,,,,,,,
90090103,IAJ03,蘇生術を実践する,他人蘇生回数100回,,,,90090102,,,,,,,,,,
90090104,IAJ04,蘇生担当,他人蘇生回数500回,,,,90090103,,,,,,,,,,
90090105,IAJ05,全滅はさせない,他人蘇生回数1000回,,,,90090104,,,,,,,,,,
90100101,IB01,幾度も蘇りし,自己蘇生成功回数10回,,,1,,,,,,,,,,,
90100102,IB02,心強き者,自己蘇生成功回数100回,,,,90100101,,,,,,,,,,
90100103,IB03,消失に抗う,自己蘇生成功回数1000回,,,,90100102,,,,,,,,,,
90110101,IBB01,運に見放されし,自己蘇生失敗回数10回,,,1,,,,,,,,,,,
90110102,IBB02,冷や汗をかく,自己蘇生失敗回数100回,,,,90110101,,,,,,,,,,
90110103,IBB03,失敗は成功の母,自己蘇生失敗回数1000回,,,,90110102,,,,,,,,,,
90120101,IBC01,馬小屋,無料宿泊施設を10回利用する,,,1,,,,,,,,,,,
90120102,IBC02,馬小屋好きな,無料宿泊施設を100回利用する,,,,90120101,,,,,,,,,,
90120103,IBC03,馬小屋の常連,無料宿泊施設を1000回利用する,,,,90120102,,,,,,,,,,
90120104,IBC04,馬小屋評論家,無料宿泊施設を10000回利用する,,,,90120103,,,,,,,,,,
90120105,IBC05,馬小屋の主,無料宿泊施設を100000回利用する,,,,90120104,,,,,,,,,,
90130101,IBD01,倹約家,低料金宿泊施設を10回利用する,,,1,,,,,,,,,,,
90140101,IBE01,旅行者,中級宿泊施設を10回利用する,,,1,,,,,,,,,,,
90150101,IBF01,リゾート気分,高級宿泊施設を10回利用する,,,1,,,,,,,,,,,
90160101,IBG01,王侯貴族のような,最高級宿泊施設を10回利用する,,,1,,,,,,,,,,,
90170101,IBH01,よく食べる,酒場の料理を50回食べる,,,1,,,,,,,,,,,
90170102,IBH02,食欲旺盛,酒場の料理を500回食べる,,,,90170101,,,,,,,,,,
90170103,IBH03,健啖家,酒場の料理を1500回食べる,,,,90170102,,,,,,,,,,
90170104,IBH04,大食漢,酒場の料理を10000回食べる,,,,90170103,,,,,,,,,,
90170105,IBH05,天を飲み込む,酒場の料理を50000回食べる,,,,90170104,,,,,,,,,,
90180101,IBI01,滑石の冒険者,2時間ログイン,,,1,,,,,,,,,,,
90180102,IBI02,石膏の冒険者,10時間ログイン,,,,90180101,,,,,,,,,,
90180103,IBI03,方解石の冒険者,50時間ログイン,,,,90180102,,,,,,,,,,
90180104,IBI04,蛍石の冒険者,100時間ログイン,,,,90180103,,,,,,,,,,
90180105,IBI05,燐灰石の冒険者,200時間ログイン,,,,90180104,,,,,,,,,,
90180106,IBI06,氷長石の冒険者,300時間ログイン,,,,90180105,,,,,,,,,,
90180107,IBI07,石英の冒険者,500時間ログイン,,,,90180106,,,,,,,,,,
90180108,IBI08,黄玉の冒険者,800時間ログイン,,,,90180107,,,,,,,,,,
90180109,IBI09,柘榴石の冒険者,1000時間ログイン,,,,90180108,,,,,,,,,,
90180110,IBI10,鋼玉の冒険者,2000時間ログイン,,,,90180109,,,,,,,,,,
90180111,IBI11,金剛石の冒険者,5000時間ログイン,,,,90180110,,,,,,,,,,
90180112,IBI12,神石の冒険者,10000時間ログイン,,,,90180111,,,,,,,,,,
90190101,IBJ01,冒険者を目指す者,キャラ作成数1人,,,1,,,,,,,,,,,
90190102,IBJ02,第二の人生,キャラ作成数2人,,,,90190101,,,,,,,,,,
90190103,IBJ03,三度目の正直,キャラ作成数3人,,,,90190102,,,,,,,,,,
#90190104,,あきらめずに挑戦,キャラ作成数5人,,,,90190103,,,,,,,,,,
#90190105,,不屈の精神,キャラ作成数10人,,,,90190104,,,,,,,,,,
90200101,IC01,死に挑む者,モンスターによって</br>10回殺される,,,1,,,,,,,,,,,
90200102,IC02,死を恐れぬ者,モンスターによって</br>30回殺される,,,,90200101,,,,,,,,,,
90200103,IC03,汝、死を忘れるなかれ,モンスターによって</br>100回殺される,,,,90200102,,,,,,,,,,
90200104,IC04,死んでしまいますよ！,モンスターによって</br>500回殺される,,,,90200103,,,,,,,,,,
90200105,IC05,1000回死んだ,モンスターによって</br>1000回殺される,,,,90200104,,,,,,,,,,
90200106,IC06,死屍累々,モンスターによって</br>10000回殺される,,,,90200105,,,,,,,,,,
90210101,ICB01,ロスト一級,1回ロストする,,,1,,,,,,,,,,,
90210102,ICB02,ロスト初段,5回ロストする,,,,90210101,,,,,,,,,,
90210103,ICB03,ロスト十段,10回ロストする,,,,90210102,,,,,,,,,,
90210104,ICB04,ロスト皆伝,30回ロストする,,,,90210103,,,,,,,,,,
90210105,ICB05,虚無の導き手,100回ロストする,,,,90210104,,,,,,,,,,
90220101,ICC01,初級任務達成者,クエスト・ミッションを</br>累計5回クリア,,,1,,,,,,,,,,,
90220102,ICC02,中級任務達成者,クエスト・ミッションを</br>累計50回クリア,,,,90220101,,,,,,,,,,
90220103,ICC03,上級任務達成者,クエスト・ミッションを</br>累計100回クリア,,,,90220102,,,,,,,,,,
90220104,ICC04,熟練任務達成者,クエスト・ミッションを</br>累計300回クリア,,,,90220103,,,,,,,,,,
90220105,ICC05,ミッションマスター,クエスト・ミッションを</br>累計1000回クリア,,,,90220104,,,,,,,,,,
90220106,ICC06,よろず承ります,クエスト・ミッションを</br>累計2000回クリア,,,,90220105,,,,,,,,,,
90220107,ICC07,余裕綽々,クエスト・ミッションを</br>累計5000回クリア,,,,90220106,,,,,,,,,,
90220108,ICC08,遂行者,クエスト・ミッションを</br>累計10000回クリア,,,,90220107,,,,,,,,,,
90220109,ICC09,冒険者ギルドの顔,クエスト・ミッションを</br>累計30000回クリア,,,,90220108,,,,,,,,,,
90220110,ICC10,心配無用,クエスト・ミッションを</br>累計50000回クリア,,,,90220109,,,,,,,,,,
90230101,ICD01,友好的な,フレンド数5人突破,,,1,,,,,,,,,,,
90230102,ICD02,社交的な,フレンド数10人突破,,,,90230101,,,,,,,,,,
90230103,ICD03,人気者,フレンド数20人突破,,,,90230102,,,,,,,,,,
90230104,ICD04,顔の広い,フレンド数30人突破,,,,90230103,,,,,,,,,,
90230105,ICD05,社交界の大物,フレンド数40人突破,,,,90230104,,,,,,,,,,
90240101,ICE01,初めてのユニオン,ユニオンメンバー数1人突破,,,1,,,,,,,,,,,
90240102,ICE02,新たなる絆,ユニオンメンバー数5人突破,,,,90240101,,,,,,,,,,
90240103,ICE03,良き仲間に恵まれた,ユニオンメンバー数10人突破,,,,90240102,,,,,,,,,,
90240104,ICE04,強い絆で結ばれた,ユニオンメンバー数20人突破,,,,90240103,,,,,,,,,,
90240105,ICE05,大所帯に属する,ユニオンメンバー数30人突破,,,,90240104,,,,,,,,,,
90240106,ICE06,村の寄合,ユニオンメンバー数40人突破,,,,90240105,,,,,,,,,,
90240107,ICE07,武装集団,ユニオンメンバー数50人突破,,,,90240106,,,,,,,,,,
90240108,ICE08,剣戟の奔流,ユニオンメンバー数80人突破,,,,90240107,,,,,,,,,,
90240109,ICE09,蹂躙する大隊,ユニオンメンバー数100人突破,,,,90240108,,,,,,,,,,
90250101,ICF01,初めてのパーティ,パーティを組んでいた時間30分,,,1,,,,,,,,,,,
90250102,ICF02,パーティ戦に慣れてきた,パーティを組んでいた時間2時間,,,,90250101,,,,,,,,,,
90250103,ICF03,パーティ戦はまかせろ,パーティを組んでいた時間10時間,,,,90250102,,,,,,,,,,
90250104,ICF04,パーティ戦中級者,パーティを組んでいた時間50時間,,,,90250103,,,,,,,,,,
90250105,ICF05,パーティ戦上級者,パーティを組んでいた時間100時間,,,,90250104,,,,,,,,,,
90250106,ICF06,パーティ戦熟練者,パーティを組んでいた時間200時間,,,,90250105,,,,,,,,,,
90250107,ICF07,教官,パーティを組んでいた時間300時間,,,,90250106,,,,,,,,,,
90250108,ICF08,熟練教官,パーティを組んでいた時間500時間,,,,90250107,,,,,,,,,,
90250109,ICF09,司令塔,パーティを組んでいた時間1000時間,,,,90250108,,,,,,,,,,
90250110,ICF10,練達の司令塔,パーティを組んでいた時間2000時間,,,,90250109,,,,,,,,,,
#90250111,,全てを見通す者,パーティを組んでいた時間5000時間,,,,90250110,,,,,,,,,,
#90250112,,何でも教えます,パーティを組んでいた時間10000時間,,,,90250111,,,,,,,,,,
90260101,ICG01,先は長い…,称号取得数10個,,,1,,,,,,,,,,,
90260102,ICG02,いろんな名で呼ばれる,称号取得数50個,,,,90260101,,,,,,,,,,
90260103,ICG03,百面相,称号取得数100個,,,,90260102,,,,,,,,,,
90260104,ICG04,スーパスの後継者,称号取得数200個,,,,90260103,,,,,,,,,,
90260105,ICG05,称号コレクター,称号取得数500個,,,,90260104,,,,,,,,,,
90270101,ICH01,第１次先遣隊,CBT1～3参加者,,1,,,,,,,,,,,,
90270102,ICH02,第２次先遣隊,CBT4（第二回バランステスト）参加者,,1,,,,,,,,,,,,
90280101,ICI01,冒険者,冒険者の証を入手,,,,,,,,,,,,,,
90280102,ICI02,悪の薔薇,冒険者ギルドの試練クリア,,,,,,,,,,,,,,
90280103,ICI03,ソウルフル,魂の導き手にてカーラルデの話しを聞く,,,,,,,,,,,,,,
90280104,ICI04,漆黒の目撃者,漆黒の美女を目撃する,,,,,,,,,,,,,,
90280105,ICI05,処刑人の処刑人,魔法局の依頼クリア,,,,,,,,,,,,,,
90280106,ICI06,アラハゥイの従者,仮面の貴族にてアラハゥイの依頼を達成,,,,,,,,,,,,,,
90280107,ICI07,ゼロと張り合う者,仮面の貴族をクリア,,,,,,,,,,,,,,
90280108,ICI08,クズの中のクズ,調査隊の受難にて魔術師風の優男の</br>ペットを倒す,,,,,,,,,,,,,,
90280109,ICI09,魔法局のお抱え冒険者,調査隊の受難をクリア,,,,,,,,,,,,,,
90280110,ICI10,一人酒,騎士ベルシュに会う,,,,,,,,,,,,,,
90280111,ICI11,魂の守人,魂の試練にて魂のランタンをクリア,,,,,,,,,,,,,,
90280112,ICI12,守護者の血を引く者,魂の試練にてカーラルデの依頼をクリア,,,,,,,,,,,,,,
90280113,ICI13,魔法局の懐刀,水路の魔物をクリア,,,,,,,,,,,,,,
90280114,ICI14,遺跡の門番,地下遺跡の門番をクリア,,,,,,,,,,,,,,
90280115,ICI15,畏怖を克服せし者,深層の戦慄き（わななき）にて</br>カーリーを倒す,,,,,,,,,,,,,,
90280116,ICI16,英雄伝の幕開け　,ストーリークエスト1を全てクリア,,,,,,,,,,,,,,
90280117,ICI17,漆黒の追跡者,シャーデの行方をクリア,,,,,,,,,,,,,,
90280118,ICI18,クズの王,ミラの宝珠にてノインテーターに</br>賞賛を受ける,,,,,,,,,,,,,,
90280119,ICI19,死神を屠りし者,ミラの宝珠をクリア,,,,,,,,,,,,,,
90280120,ICI20,狂気の断罪者,目利き人を探せをクリア,,,,,,,,,,,,,,
90280121,ICI21,美女の飼い犬,漆黒の美女の命令を聞く,,,,,,,,,,,,,,
90280122,ICI22,零無双,【ゼロ】の無双っぷりを目撃した,,,,,,,,,,,,,,
90280123,ICI23,十三の征服者,ダルア13世の手記を辿った,,,,,,,,,,,,,,
90280124,ICI24,お姉さんのお墨付き,エレシェ姉さんからお墨付きをもらった,,,,,,,,,,,,,,
90280125,ICI25,飲み友達,騎士ベルシュに婚約指輪を届けた,,,,,,,,,,,,,,
90280126,ICI26,漆黒の婚約者,婚約指輪をクリア,,,,,,,,,,,,,,
90280127,ICI27,地獄のコックさん,満足のいく地獄の晩餐を提供した,,,,,,,,,,,,,,
90280128,ICI28,クズ神,復活、地獄の九兄弟にてノインテーターに</br>賞賛を受ける,,,,,,,,,,,,,,
90280129,ICI29,裏切りの従者,復活、地獄の九兄弟をクリア,,,,,,,,,,,,,,
90280130,ICI30,邪教の錬金術師,キマイラコロシを調合した,,,,,,,,,,,,,,
90280131,ICI31,キマイラ隊,神隠しの怪物をクリア,,,,,,,,,,,,,,
90280132,ICI32,ソードディメンション！,【ゼロ】が異次元に追放されるのを見届けた,,,,,,,,,,,,,,
90280133,ICI33,剛鎚巨崩,邪教の儀式と謎の襲撃者をクリア,,,,,,,,,,,,,,
90280134,ICI34,偽神を討ち取りし者,サンジェント遺跡最深部で</br>カルコサスを倒した,,,,,,,,,,,,,,
90280135,ICI35,英雄伝序章,邪教団の司祭をクリア,,,,,,,,,,,,,,
90280136,ICI36,エレメントマスター,4つの属性を守る者を倒した,,,,,,,,,,,,,,
90280137,ICI37,Koj's,Koj'sレプリカの装備を全て集めた,,,,,,,,,,,,,,
90280138,ICI38,竜殺しの兵,レッサードラゴンを倒した,,,,,,,,,,,,,,
90280139,ICI39,兄妹の救出者,ケゼナとミシェルをクリア,,,,,,,,,,,,,,
90280140,ICI40,俗悪の権化,ヴァルガを倒した,,,,,,,,,,,,,,
90280141,ICI41,眉目秀麗,異界への帰還をクリア,,,,,,,,,,,,,,
90280142,ICI42,素潜りマスター,温泉最深部に到達した,,,,,,,,,,,,,,
90280143,ICI43,死の花嫁,デスブライドを倒した,,,,,,,,,,,,,,
90280144,ICI44,金色悪魔,アウルムディアボルスを倒した,,,,,,,,,,,,,,
90280145,ICI45,揺らぐ者,揺らぎの杖をクリア,,,,,,,,,,,,,,
90280146,ICI46,死のハーレム,デスブライドのお楽しみ要素3つクリア,,,,,,,,,,,,,,
90280147,ICI47,クズの意地,守護者の封印にてノインテーターに</br>賞賛を受ける,,,,,,,,,,,,,,
90280148,ICI48,遺跡盗賊改方,守護者の封印にてバッドローレル団に</br>引導を渡す,,,,,,,,,,,,,,
90280149,ICI49,異端審問官,守護者の封印にて邪教徒残党の</br>野望を打ち砕く,,,,,,,,,,,,,,
90280150,ICI50,鋼鬼裂破,守護者の封印にてクロルドの</br>撃退に成功する,,,,,,,,,,,,,,
90280151,ICI51,翻弄されし守り手,守護者の封印をクリア,,,,,,,,,,,,,,
90280152,ICI52,疑心暗鬼の伝達者,ハルシア争奪作戦をクリア,,,,,,,,,,,,,,
90280153,ICI53,爆弾処理班,爆弾部屋の仕掛けを解いた,,,,,,,,,,,,,,
90280154,ICI54,折れぬ心を持つ者,賢人の回廊を諦めずに突破した,,,,,,,,,,,,,,
90280155,ICI55,グランドマスター,全ての兵棋演習を見事クリア,,,,,,,,,,,,,,
90280156,ICI56,神剣を修復せし者,アイアンゴーレムを倒した,,,,,,,,,,,,,,
90280157,ICI57,ナッセイルーンの救世主,神剣の復活をクリア,,,,,,,,,,,,,,
90280158,ICI58,クズな使い魔,囚われのルーシェにてノインテーターの\n要求を果たした,,,,,,,,,,,,,,
90280159,ICI59,バラバラになった,ドス・ゴメリーを倒した,,,,,,,,,,,,,,
90280160,ICI60,叶わぬ恋の導き手,囚われのルーシェをクリア,,,,,,,,,,,,,,
90280161,ICI61,秘密を暴いた,隠者の袋小路に隠された通路を突破した,,,,,,,,,,,,,,
90280162,ICI62,シールブレーカー,封印の門の守り手を倒した,,,,,,,,,,,,,,
90280163,ICI63,神剣の運び手,ハルシアの楔をクリア,,,,,,,,,,,,,,
90280164,ICI64,マシーナリーブレイカー,クロルドを撃破した,,,,,,,,,,,,,,
90280165,ICI65,ヴァンパイアハンター,ノインテータを撃破した,,,,,,,,,,,,,,
90280166,ICI66,ゾンビスイーパー,スメルチを撃破した,,,,,,,,,,,,,,
90280167,ICI67,古き神殺しの守護者,伝説の黒き魔女シャーデを撃破した,,,,,,,,,,,,,,
90280168,ICI68,ディメントの騎士,ディメントの騎士として受勲した,,,,,,,,,,,,,,
90286101,ICI69,キャットファイト,愛欲と淫虐の館でソムニアを倒した,,,,,,,,,,,,,,
90286102,ICI70,ＶＩＰ,愛欲と淫虐の館で\n真・大人の社交場をクリア,,,,,,,,,,,,,,
90286103,ICI71,淫虐の従者,愛欲と淫虐の館でアイリーンを倒した,,,,,,,,,,,,,,
90286104,ICI72,愛欲の使徒,愛欲と淫虐の館でエロスを倒した,,,,,,,,,,,,,,
90286105,ICI73,禁書を封印せし者,愛欲と淫虐の館をクリア,,,,,,,,,,,,,,
90286106,ICI74,蒼き悪魔殺し,蒼の洞窟でグレーターデーモンを倒した,,,,,,,,,,,,,,
90286107,ICI75,深緑の魔人,蒼の洞窟でヴェルデディアブロを倒した,,,,,,,,,,,,,,
90286108,ICI76,暗躍せし者,グロッタアッズーラをクリア,,,,,,,,,,,,,,
90286109,ICI77,ジュエルマイスター,蒼の洞窟のデイリーミッションをクリア,,,,,,,,,,,,,,
90286110,ICI78,鏡界見聞録,ミスカトニック大学分校で\nしょうたいふめいのぼうけんしゃを倒した,,,,,,,,,,,,,,
90286111,ICI79,禁書に魅せられし者の末路,ミスカトニック大学分校で\nマッコイジュニアを倒した,,,,,,,,,,,,,,
90286112,ICI80,黄衣と戯れし者,ミスカトニック大学分校で\nアヴァターザハストゥールを倒した,,,,,,,,,,,,,,
90286113,ICI81,禁書マスター,失われた禁書をクリア,,,,,,,,,,,,,,
90286114,ICI82,回収屋,安息の眠りをクリア,,,,,,,,,,,,,,
90286115,ICI83,最先端の鉱山技師,イルヴァンボーレ鉱山で</br>クリムゾンデーモンを倒した,,,,,,,,,,,,,,
90286116,ICI84,漆黒なる深淵,イルヴァンボーレ鉱山で</br>ネグロディアブロを倒した,,,,,,,,,,,,,,
90286117,ICI85,鋼鉄の鶴嘴の用心棒,蒼い闇をクリア,,,,,,,,,,,,,,
90286118,ICI86,レスキュー隊,イルヴァンボーレ鉱山の</br>デイリーミッションをクリア,,,,,,,,,,,,,,
90286119,ICI87,ぺらぺら,狂王の試練場で</br>コマンドバトルに勝利した,,,,,,,,,,,,,,
90286120,ICI88,いぇぃ！！！,狂王の試練場で</br>ブルーリボンを入手した,,,,,,,,,,,,,,
90286121,ICI89,わが忠実で有能なるしもべたち,狂王の試練場で</br>モンスター配備センターを攻略した,,,,,,,,,,,,,,
90286122,ICI90,WIZARDRY MASTER ADVENTURER,狂王の試練場で</br>ワグナーを倒した,,,,,,,,,,,,,,
90286123,ICI91,>,狂王の試練場をクリア,,,,,,,,,,,,,,
90286124,ICI92,友好的なニンゲン,狂王の試練場の</br>デイリーミッションをクリア,,,,,,,,,,,,,,
90286125,ICI93,何か忘れてるんじゃないだろうか？,狂王の試練場で</br>秘密の階層を攻略した,,,,,,,,,,,,,,
90286126,ICI94,＊いしのなかにいる＊,狂王の試練場で</br>いしのなかを経験した,,,,,,,,,,,,,,
90286127,ICI95,ワグナーの左腕,狂王の試練場の深層で</br>ワグナーに実力を見せつけた,,,,,,,,,,,,,,
90286128,ICI96,Master of Wizardry Online,『Wizardry Online』の</br>ラストダンジョンをクリア,,,,,,,,,,,,,,
90287101,ICI97,険しき道を行く,愛欲と淫虐の館のWizardryモードで\n決戦場を1つクリアした,,,,,,,,,,,,,,
90287102,ICI98,奇跡の偉業,愛欲と淫虐の館のWizardryモードで\n決戦場を全部クリアした,,,,,,,,,,,,,,
90290101,ICJ01,番犬,窃盗の代価をクリア,,,,,,,,,,,,,,
90290102,ICJ02,相棒,ブツを狙えをクリア,,,,,,,,,,,,,,
90290103,ICJ03,塩長者,怪しげな取引をクリア,,,,,,,,,,,,,,
90290104,ICJ04,仕事人　,兵士の極秘依頼をクリア,,,,,,,,,,,,,,
90290105,ICJ05,掃除屋,発明家の頼みをクリア,,,,,,,,,,,,,,
90290106,ICJ06,婦人の友,神秘の水をクリア,,,,,,,,,,,,,,
90290107,ICJ07,旦那の理解者,清純のブローチをクリア,,,,,,,,,,,,,,
90290108,ICJ08,灰の王,我が名は灰の王をクリア,,,,,,,,,,,,,,
90290109,ICJ09,知識の探求者,知識の対価をクリア,,,,,,,,,,,,,,
90290110,ICJ10,少女人形,命の人形をクリア,,,,,,,,,,,,,,
90290111,ICJ11,暗中模索,暗闇のペンダントをクリア,,,,,,,,,,,,,,
90290112,ICJ12,友好的なモンスター,友好的なコボルドの探し物を見つけた,,,,,,,,,,,,,,
90290113,ICJ13,のんだくれ,酒だ！　酒を持ってこい！　をクリア,,,,,,,,,,,,,,
90290114,ICJ14,愛犬家,犬の宝物をクリアをクリア,,,,,,,,,,,,,,
90290115,ICJ15,宝石の騎士,4騎士たちとの戦いを勝ち抜く,,,,,,,,,,,,,,
90290116,ICJ16,ゼオを知る者,【ゼロ】を探せ！　をクリア,,,,,,,,,,,,,,
90290117,ICJ17,仮面の貴族の友,アラハゥイの頼みごとをクリア,,,,,,,,,,,,,,
90290118,ICJ18,取立て人,その輝きは誰の物にをクリア,,,,,,,,,,,,,,
90290119,ICJ19,水道局員,水道局員のともだちをクリア,,,,,,,,,,,,,,
90290120,ICJ20,常連さん,貴婦人のカメオをクリア,,,,,,,,,,,,,,
90290121,ICJ21,ソムリエ,高い酒だ！　高い酒を持ってこい！　を</br>クリア,,,,,,,,,,,,,,
90290122,ICJ22,暫定チャンピオン,地下闘技場の戦いを勝ち抜く,,,,,,,,,,,,,,
#90290123,,マダリアの同伴者,マダリアから名刺を貰った,,,,,,,,,,,,,,
90290124,ICJ23,夫婦の仲を取り持つ者,霊薬の行方をクリア,,,,,,,,,,,,,,
90290125,ICJ24,ハードボイルド,ヴォージの悲しみをクリア,,,,,,,,,,,,,,
90290126,ICJ25,伝説の仲裁人,幻の逸品をクリア,,,,,,,,,,,,,,
90290127,ICJ26,義姉をたずねて三千里,兄の影を追い求めてをクリア,,,,,,,,,,,,,,
90290128,ICJ27,ゼオのマブダチ,【ゼロ】を探せ！　第二幕をクリア,,,,,,,,,,,,,,
90290129,ICJ28,ゼオの兄弟,【ゼロ】を探せ！　第三幕をクリア,,,,,,,,,,,,,,
90290130,ICJ29,凄腕仲人,アイナの惚れ薬と</br>スザンヌの惚れ薬をクリア,,,,,,,,,,,,,,
90290131,ICJ30,世にも奇妙な,遺産の対価をクリア,,,,,,,,,,,,,,
90290132,ICJ31,夢の宅配人,大人の魅力をクリア,,,,,,,,,,,,,,
90290133,ICJ32,黒の軍勢,ジャックと黒い駒をクリア,,,,,,,,,,,,,,
90290134,ICJ33,白の軍勢,アレハンドロスと白い駒をクリア,,,,,,,,,,,,,,
90290135,ICJ34,遊戯の伝道師,ジャックと黒い駒/アレハンドロスと白い駒を</br>クリア,,,,,,,,,,,,,,
90290136,ICJ35,記憶の語りべ,医学の代償をクリア,,,,,,,,,,,,,,
90291101,ICJ36,日々努力,デイリーミッションを1回クリア,,,,,,,,,,,,,,
90291102,ICJ37,継続は力なり,デイリーミッションを7回クリア,,,,,,,,,,,,,,
90291103,ICJ38,涓滴岩穿,デイリーミッションを30回クリア,,,,,,,,,,,,,,
90300101,ID01,暗黒の魔眼,ブラックオーブを入手,,,,,,,,,,,,,,
90300102,ID02,聖白の片翼,ホワイトオーブを入手,,,,,,,,,,,,,,
90300103,ID03,神使の証を持つ者,神使の紋章を入手,,,,,,,,,,,,,,
90300104,ID04,穢れなき純真,カオカ・パラージ遺跡の秘匿の決戦場を</br>クリア,,,,,,,,,,,,,,
90300105,ID05,龍眼の主,黄龍の神殿跡の秘匿の決戦場をクリア,,,,,,,,,,,,,,
90300106,ID06,名もなき芸術家,アリア川貯水窟の秘匿の決戦場</br>Level:1をクリア,,,,,,,,,,,,,,
90300107,ID07,追憶の覇者,忘却の寺院の秘匿の決戦場</br>Level:1をクリア,,,,,,,,,,,,,,
90300108,ID08,異感の者,DIR EN GREYの試練を全てクリア,,1,,,,,,,,,,,,
90300109,ID09,DUM SPIRO SPERO,DUM SPIRO SPEROをクリア,,1,,,,,,,,,,,,
90300110,ID10,異感の王,装備品異感シリーズを全て収集</br>※異感の盾を除く,,1,,,,,,,,,,,,
90300111,ID11,ロンリーウルフ,孤独の指輪を手に入れた数が</br>2012年「ショコラティエールの憂鬱」</br>ランキングでワールドで最高だった証,,1,,,,,,,,,,,,
90300112,ID12,孤独の戦士,2012年「ショコラティエールの憂鬱」</br>にて数多くの孤独の指輪を手に入れた証,,1,,,,,,,,,,,,
90300113,ID13,孤独は友達,2012年「ショコラティエールの憂鬱」</br>にて孤独の指輪をいくつか手に入れた証,,1,,,,,,,,,,,,
90300114,ID14,モテキング,愛情の指輪を手に入れた数が</br>2012年「ショコラティエールの憂鬱」</br>ランキングでワールドで最高だった証,,1,,,,,,,,,,,,
90300115,ID15,フェロモン大放出,2012年「ショコラティエールの憂鬱」</br>にて数多くの愛情の指輪を手に入れた証,,1,,,,,,,,,,,,
90300116,ID16,愛のライセンス,2012年「ショコラティエールの憂鬱」</br>にて愛情の指輪をいくつか手に入れた証,,1,,,,,,,,,,,,
90300117,ID17,ロッテファンクラブ会長,同情の指輪を手に入れた数が</br>2012年「ショコラティエールの憂鬱」</br>ランキングでワールドで最高だった証,,1,,,,,,,,,,,,
90300118,ID18,ロッテに夢中,2012年「ショコラティエールの憂鬱」</br>にて数多くの同情の指輪を手に入れた証,,1,,,,,,,,,,,,
90300119,ID19,ああ、もう、爆発しろ！,2012年「ショコラティエールの憂鬱」</br>にて同情の指輪をいくつか手に入れた証,,1,,,,,,,,,,,,
90300120,ID20,妖蟲使い,カリグラーゼ下水道の秘匿の決戦場を</br>クリア,,,,,,,,,,,,,,
#90300121,,最強の番犬,チコル城址の秘匿の決戦場をクリア,,,,,,,,,,,,,,
90300122,ID21,脱兎猛撃,旧地下水路の秘匿の決戦場をクリア,,,,,,,,,,,,,,
#90300123,,怒りの女神,地下ドラグーン遺跡の秘匿の決戦場を</br>クリア,,,,,,,,,,,,,,
#90300124,,背徳の堕天使,降偉の祭儀場跡の秘匿の決戦場をクリア,,,,,,,,,,,,,,
#90300125,,一級建築士,ロサワルド水没砦の秘匿の決戦場をクリア,,,,,,,,,,,,,,
90300126,ID22,自称名君,忘却の寺院の秘匿の決戦場</br>Level:2をクリア,,,,,,,,,,,,,,
90300127,ID23,芸術は爆発だ！,アリア川貯水窟の秘匿の決戦場</br>Level:2をクリア,,,,,,,,,,,,,,
90300128,ID24,晶なる輝きの覇者,イルヴァンボーレ鉱山の秘匿の決戦場</br>Normalをクリア,,,,,,,,,,,,,,
90300129,ID25,煌を纏いし豪傑,イルヴァンボーレ鉱山の秘匿の決戦場</br>Hardをクリア,,,,,,,,,,,,,,
90300130,ID26,怨嗟を鎮めし者,狂気の館の秘匿の決戦場</br>Normalをクリア,,,,,,,,,,,,,,
90300131,ID27,邪封師,狂気の館の秘匿の決戦場</br>Hardをクリア,,,,,,,,,,,,,,
90300132,ID28,魂の救済者,望郷：首都アイトックスの決戦場</br>Normalをクリア,,,,,,,,,,,,,,
90300133,ID29,望郷の想いを打ち砕く,いつかの冒険者らの望郷の想いを打ち砕いた。,,,,,,,,,,,,,,
90300134,ID30,永遠の乙女,2016年「夏の精霊祭」期間中にロッテと約束をした。,,,,,,,,,,,,,,
90305101,ID31,うさぎちゃん,愛らしいぬいぐるみ（ピンク）を</br>10羽討伐,,,,,,,,,,,,,,
90305102,ID32,幸運のうさぎ,愛らしいぬいぐるみ（ピンク）を</br>100羽討伐,,,,,,,,,,,,,,
90305103,ID33,桃色うさぎ,愛らしいぬいぐるみ（ピンク）を</br>500羽討伐,,,,,,,,,,,,,,
90305104,ID34,ダークうさぎちゃん,愛らしいぬいぐるみ（ブルー）を</br>10羽討伐,,,,,,,,,,,,,,
90305105,ID35,不幸のうさぎ,愛らしいぬいぐるみ（ブルー）を</br>100羽討伐,,,,,,,,,,,,,,
90305106,ID36,青いうさぎ,愛らしいぬいぐるみ（ブルー）を</br>500羽討伐,,,,,,,,,,,,,,
90310101,IDB01,夢幻の覇者,夢幻の試練場をクリア,,,,,,,,,,,,,,
90310102,IDB02,ナイトメアディスペラー,夢幻の試練場をクリア,,,,,,,,,,,,,,
90400101,IE01,孤高なる流浪の狼,幻影の彼方にて認められし者に</br>贈られた称号,,1,,,,,,,,,,,,
90400102,IE02,天を裂く鋼鉄の悪魔,幻影の彼方にて認められし者に</br>贈られた称号,,1,,,,,,,,,,,,
90400103,IE03,死を纏う機械仕掛けの処刑人,幻影の彼方にて認められし者に</br>贈られた称号,,1,,,,,,,,,,,,
90400104,IE04,天駆ける金色の天使,幻影の彼方にて認められし者に</br>贈られた称号,,1,,,,,,,,,,,,
90400105,IE05,深淵より生まれし漆黒の破壊神,幻影の彼方にて認められし者に</br>贈られた称号,,1,,,,,,,,,,,,
90400106,IE06,真理を悟りし運命の預言者,幻影の彼方にて認められし者に</br>贈られた称号,,1,,,,,,,,,,,,
90400107,IE07,月より放たれし沈黙の救世主,幻影の彼方にて認められし者に</br>贈られた称号,,1,,,,,,,,,,,,
90400108,IE08,星を従える全能の王,幻影の彼方にて認められし者に</br>贈られた称号,,1,,,,,,,,,,,,
90400109,IE09,地獄より来る灼熱のドラゴン,幻影の彼方にて認められし者に</br>贈られた称号,,1,,,,,,,,,,,,
90400110,IE10,罪深き原初の毒蛇,幻影の彼方にて認められし者に</br>贈られた称号,,1,,,,,,,,,,,,
90400111,IE11,大げさに言うと最後の冒険者,幻影の彼方にて認められし者に</br>贈られた称号,,1,,,,,,,,,,,,
90400112,IE12,むさ苦しい剛毛の冒険者,幻影の彼方にて認められし者に</br>贈られた称号,,1,,,,,,,,,,,,
90400113,IE13,欲にまみれた汗だくの冒険者,幻影の彼方にて認められし者に</br>贈られた称号,,1,,,,,,,,,,,,
90400114,IE14,気がつくと空腹の冒険者,幻影の彼方にて認められし者に</br>贈られた称号,,1,,,,,,,,,,,,
90400115,IE15,懲りない涙目の冒険者,幻影の彼方にて認められし者に</br>贈られた称号,,1,,,,,,,,,,,,
90400116,IE16,物忘れの激しい博識の学者,幻影の彼方にて認められし者に</br>贈られた称号,,1,,,,,,,,,,,,
90400117,IE17,たしか…安月給の足長おじさん,幻影の彼方にて認められし者に</br>贈られた称号,,1,,,,,,,,,,,,
90400118,IE18,帰ってきた南国育ちの色男,幻影の彼方にて認められし者に</br>贈られた称号,,1,,,,,,,,,,,,
90400119,IE19,孤高なる一人ぼっちの独身貴族,幻影の彼方にて認められし者に</br>贈られた称号,,1,,,,,,,,,,,,
90400120,IE20,ふてぶてしい無表情のメイド,幻影の彼方にて認められし者に</br>贈られた称号,,1,,,,,,,,,,,,
90400121,IE21,慌しい疲れ知らずの鬼軍曹,幻影の彼方にて認められし者に</br>贈られた称号,,1,,,,,,,,,,,,
90400122,IE22,気高き鋼鉄の騎士,幻影の彼方にて認められし者に</br>贈られた称号,,1,,,,,,,,,,,,
90400123,IE23,知る人ぞ知る天下無双の侍,幻影の彼方にて認められし者に</br>贈られた称号,,1,,,,,,,,,,,,
90400124,IE24,姿無き手練れのニンジャ,幻影の彼方にて認められし者に</br>贈られた称号,,1,,,,,,,,,,,,
90400125,IE25,純真なる思春期の乙女,幻影の彼方にて認められし者に</br>贈られた称号,,1,,,,,,,,,,,,
90400126,IE26,麗しき運命の乙女,幻影の彼方にて認められし者に</br>贈られた称号,,1,,,,,,,,,,,,
90400127,IE27,澄み渡る美肌の乙女,幻影の彼方にて認められし者に</br>贈られた称号,,1,,,,,,,,,,,,
90400128,IE28,うら若き薄着の乙女,幻影の彼方にて認められし者に</br>贈られた称号,,1,,,,,,,,,,,,
90400129,IE29,いい匂いのする寝起きの乙女,幻影の彼方にて認められし者に</br>贈られた称号,,1,,,,,,,,,,,,
90400130,IE30,たしか…えっと…なんだっけ…,幻影の彼方にて認められし者に</br>贈られた称号,,1,,,,,,,,,,,,
90400131,IE31,暗躍する不老不死の黒幕,幻影の彼方にて認められし者に</br>贈られた称号,,1,,,,,,,,,,,,
90400132,IE32,天を裂く最先端技術のマッスル,幻影の彼方にて認められし者に</br>贈られた称号,,1,,,,,,,,,,,,
90400133,IE33,荒ぶる純白の守護神,幻影の彼方にて認められし者に</br>贈られた称号,,1,,,,,,,,,,,,
90400134,IE34,隣町で農業を営むあの伝説のアーティスト,幻影の彼方にて認められし者に</br>贈られた称号,,1,,,,,,,,,,,,
90400135,IE35,世界一と豪語する空腹の特攻兵,幻影の彼方にて認められし者に</br>贈られた称号,,1,,,,,,,,,,,,
90400136,IE36,情に訴える無表情のピエロ,幻影の彼方にて認められし者に</br>贈られた称号,,1,,,,,,,,,,,,
90400137,IE37,いい匂いのする笑う歌姫,幻影の彼方にて認められし者に</br>贈られた称号,,1,,,,,,,,,,,,
90400138,IE38,自然を愛する意識不明の守り人,幻影の彼方にて認められし者に</br>贈られた称号,,1,,,,,,,,,,,,
90400139,IE39,魂を食らう悲劇のピエロ,幻影の彼方にて認められし者に</br>贈られた称号,,1,,,,,,,,,,,,
90400140,IE40,ふんぞり返ったあの伝説の黒幕,幻影の彼方にて認められし者に</br>贈られた称号,,1,,,,,,,,,,,,
90400141,IE41,震撼せし金色のつむじ風,幻影の彼方にて認められし者に</br>贈られた称号,,1,,,,,,,,,,,,
90400142,IE42,石化を望む涙目の王,幻影の彼方にて認められし者に</br>贈られた称号,,1,,,,,,,,,,,,
90400143,IE43,魔眼を持つあの伝説の参謀,幻影の彼方にて認められし者に</br>贈られた称号,,1,,,,,,,,,,,,
90400144,IE44,万物を創造する鉄壁の韋駄天,幻影の彼方にて認められし者に</br>贈られた称号,,1,,,,,,,,,,,,
90400145,IE45,お金に目が眩む鉄壁の三段腹,幻影の彼方にて認められし者に</br>贈られた称号,,1,,,,,,,,,,,,
90400146,IE46,瀕死しか狙わない卑怯なハイエナ,幻影の彼方にて認められし者に</br>贈られた称号,,1,,,,,,,,,,,,
90400147,IE47,心を見透かす三白眼の支配者,幻影の彼方にて認められし者に</br>贈られた称号,,1,,,,,,,,,,,,
90400148,IE48,決め台詞を言う裸足の強盗,幻影の彼方にて認められし者に</br>贈られた称号,,1,,,,,,,,,,,,
90400149,IE49,魂を食らう大食いの狂人,幻影の彼方にて認められし者に</br>贈られた称号,,1,,,,,,,,,,,,
90400150,IE50,全てを切り裂く戦術の革命家,幻影の彼方にて認められし者に</br>贈られた称号,,1,,,,,,,,,,,,
90400151,IE51,あれを成し遂げたあの伝説のあの人,幻影の彼方にて認められし者に</br>贈られた称号,,1,,,,,,,,,,,,
90400152,IE52,真実の愛を知る白衣の天使,幻影の彼方にて認められし者に</br>贈られた称号,,1,,,,,,,,,,,,
90400153,IE53,片腕を無くした齢80の衛兵,幻影の彼方にて認められし者に</br>贈られた称号,,1,,,,,,,,,,,,
90400154,IE54,とにかく叫ぶ金切声の応援団長,幻影の彼方にて認められし者に</br>贈られた称号,,1,,,,,,,,,,,,
90400155,IE55,絶望の淵より蘇りし腕が4本の悪魔,幻影の彼方にて認められし者に</br>贈られた称号,,1,,,,,,,,,,,,
90400156,IE56,魔王を屠る還暦のつむじ風,幻影の彼方にて認められし者に</br>贈られた称号,,1,,,,,,,,,,,,
90400157,IE57,死を纏う最強の死体,幻影の彼方にて認められし者に</br>贈られた称号,,1,,,,,,,,,,,,
90400158,IE58,むさ苦しい南国育ちの肉壁,幻影の彼方にて認められし者に</br>贈られた称号,,1,,,,,,,,,,,,
90400159,IE59,ムッキムキ！こんな感じの子供,幻影の彼方にて認められし者に</br>贈られた称号,,1,,,,,,,,,,,,
90400160,IE60,鼻息の荒い眠る歌姫,幻影の彼方にて認められし者に</br>贈られた称号,,1,,,,,,,,,,,,
90400161,IE61,時空を歪める猪突猛進の赤ん坊,幻影の彼方にて認められし者に</br>贈られた称号,,1,,,,,,,,,,,,
90400162,IE62,お金に目が眩む愚かな侵略者,幻影の彼方にて認められし者に</br>贈られた称号,,1,,,,,,,,,,,,
90400163,IE63,孤高なる純白の英雄,幻影の彼方にて認められし者に</br>贈られた称号,,1,,,,,,,,,,,,
90400164,IE64,知る人ぞ知る壺の中の小石,幻影の彼方にて認められし者に</br>贈られた称号,,1,,,,,,,,,,,,
90400165,IE65,心を見透かす美肌のいかさま師,幻影の彼方にて認められし者に</br>贈られた称号,,1,,,,,,,,,,,,
90400166,IE66,いつも泣いてる迷子の子猫ちゃん,幻影の彼方にて認められし者に</br>贈られた称号,,1,,,,,,,,,,,,
90400167,IE67,眼力が強い笑うノーム好き,幻影の彼方にて認められし者に</br>贈られた称号,,1,,,,,,,,,,,,
90400168,IE68,威勢のいい涙目の冒険者,幻影の彼方にて認められし者に</br>贈られた称号,,1,,,,,,,,,,,,
90400169,IE69,魔王を屠るムキムキのアイドル,幻影の彼方にて認められし者に</br>贈られた称号,,1,,,,,,,,,,,,
90400170,IE70,暗躍するホウライ大陸の偵察者,幻影の彼方にて認められし者に</br>贈られた称号,,1,,,,,,,,,,,,
90400171,IE71,ツッコミに定評のある最速の芸人,幻影の彼方にて認められし者に</br>贈られた称号,,1,,,,,,,,,,,,
90400172,IE72,暗躍する隻眼のニンジャ,幻影の彼方にて認められし者に</br>贈られた称号,,1,,,,,,,,,,,,
90400173,IE73,自然を愛するイルファーロの貴公子,幻影の彼方にて認められし者に</br>贈られた称号,,1,,,,,,,,,,,,
90400174,IE74,決め台詞を言う臭い貴公子,幻影の彼方にて認められし者に</br>贈られた称号,,1,,,,,,,,,,,,
90400175,IE75,生き血をすする笑う殺戮マシーン,幻影の彼方にて認められし者に</br>贈られた称号,,1,,,,,,,,,,,,
90400176,IE76,婚期を逃したイルファーロの乙女,幻影の彼方にて認められし者に</br>贈られた称号,,1,,,,,,,,,,,,
90400177,IE77,くるくる回る齢80の不審者,幻影の彼方にて認められし者に</br>贈られた称号,,1,,,,,,,,,,,,
90400178,IE78,荒波に挑みし信念を持った漁師,幻影の彼方にて認められし者に</br>贈られた称号,,1,,,,,,,,,,,,
90400179,IE79,大地を揺るがす見境のない地雷原,幻影の彼方にて認められし者に</br>贈られた称号,,1,,,,,,,,,,,,
90400180,IE80,平和をもたらす眠る赤ん坊,幻影の彼方にて認められし者に</br>贈られた称号,,1,,,,,,,,,,,,
90400181,IE81,退くことを知らない神速の特攻兵,幻影の彼方にて認められし者に</br>贈られた称号,,1,,,,,,,,,,,,
90400182,IE82,逆境を覆す天下の大将軍,幻影の彼方にて認められし者に</br>贈られた称号,,1,,,,,,,,,,,,
90400183,IE83,万物を遮断する鉄壁のロード,幻影の彼方にて認められし者に</br>贈られた称号,,1,,,,,,,,,,,,
90400184,IE84,逆境を覆す不屈のファイター,幻影の彼方にて認められし者に</br>贈られた称号,,1,,,,,,,,,,,,
90400185,IE85,悪を許さない無情のシーフ,幻影の彼方にて認められし者に</br>贈られた称号,,1,,,,,,,,,,,,
90400186,IE86,運命を改変するお喋りなクラウン,幻影の彼方にて認められし者に</br>贈られた称号,,1,,,,,,,,,,,,
90400187,IE87,真実の愛を知る純白のプリースト,幻影の彼方にて認められし者に</br>贈られた称号,,1,,,,,,,,,,,,
90400188,IE88,気高き最先端技術のアルケミスト,幻影の彼方にて認められし者に</br>贈られた称号,,1,,,,,,,,,,,,
90400189,IE89,元素を掌握する原初のメイジ,幻影の彼方にて認められし者に</br>贈られた称号,,1,,,,,,,,,,,,
90400190,IE90,次元切り裂く明鏡止水のサムライ,幻影の彼方にて認められし者に</br>贈られた称号,,1,,,,,,,,,,,,
90400191,IE91,未来を見通す全能のビショップ,幻影の彼方にて認められし者に</br>贈られた称号,,1,,,,,,,,,,,,
90400192,IE92,気が付くと迷子の英雄,幻影の彼方にて認められし者に</br>贈られた称号,,1,,,,,,,,,,,,
90400193,IE93,ふてぶてしい八百屋の不死鳥,幻影の彼方にて認められし者に</br>贈られた称号,,1,,,,,,,,,,,,
90400194,IE94,敗北を知りたい裸足のお祭り男,幻影の彼方にて認められし者に</br>贈られた称号,,1,,,,,,,,,,,,
90400195,IE95,声に張りのある灼熱の存在,幻影の彼方にて認められし者に</br>贈られた称号,,1,,,,,,,,,,,,
90400196,IE96,気が付くと還暦の守り人,幻影の彼方にて認められし者に</br>贈られた称号,,1,,,,,,,,,,,,
90400197,IE97,暗躍する全能の七つ道具,幻影の彼方にて認められし者に</br>贈られた称号,,1,,,,,,,,,,,,
90400198,IE98,封印されし戦闘狂の合成化合物,幻影の彼方にて認められし者に</br>贈られた称号,,1,,,,,,,,,,,,
90400199,IE99,えくぼが可愛い地元のカワイイ子,幻影の彼方にて認められし者に</br>贈られた称号,,1,,,,,,,,,,,,
90400200,IE100,這いずり回る瀕死の死神,幻影の彼方にて認められし者に</br>贈られた称号,,1,,,,,,,,,,,,
90400201,IE101,嘘だと言ってよバニー,うさぎに全滅させられた……,,1,,,,,,,,,,,,
90400202,IE102,二兎を追う者は一兎をも得ず,うさぎを追っている間に</br>全滅させられた……,,1,,,,,,,,,,,,
90400203,IE103,バニーガール,幸運のうさぎ所有の女性キャラで</br>旧地下水路の秘匿の決戦場をクリア,,1,,,,,,,,,,,,
90400204,IE104,バニーボーイ,幸運のうさぎ所有の男性キャラで</br>旧地下水路の秘匿の決戦場をクリア,,1,,,,,,,,,,,,
90400205,IE105,レジェンド・オブ・ジゴロ,愛欲と淫虐の館の</br>真・大人の社交場で</br>マダリアを攻略した,,1,,,,,,,,,,,,
90400206,IE106,古の真言を語りき者,古の真言を知る者に贈られる称号,,1,,,,,,,,,,,,
90400207,IE107,大人の社交場ブラックリスト入り,真・大人の社交場で</br>料金を踏み倒した,,1,,,,,,,,,,,,
90400208,IE108,マダリア派,真・大人の社交場で</br>マダリアのお得意様になった,,1,,,,,,,,,,,,
90400209,IE109,マダリアにくびったけ,真・大人の社交場で</br>マダリアに気に入られた,,1,,,,,,,,,,,,
90400210,IE110,マダリアの天敵,真・大人の社交場で</br>マダリアに嫌われた,,1,,,,,,,,,,,,
90400211,IE111,ミラヴェル派,真・大人の社交場で</br>ミラヴェルのお得意様になった,,1,,,,,,,,,,,,
90400212,IE112,ミラヴェルにぞっこん,真・大人の社交場で</br>ミラヴェルに気に入られた,,1,,,,,,,,,,,,
90400213,IE113,ミラヴェルのエネミー,真・大人の社交場で</br>ミラヴェルに嫌われた,,1,,,,,,,,,,,,
90400214,IE114,セラフィーユ派,真・大人の社交場で</br>セラフィーユのお得意様になった,,1,,,,,,,,,,,,
90400215,IE115,セラフィーユの保護者,真・大人の社交場で</br>セラフィーユに気に入られた,,1,,,,,,,,,,,,
90400216,IE116,セラフィーユをいじめる人,真・大人の社交場で</br>セラフィーユに嫌われた,,1,,,,,,,,,,,,
90400301,IE117,破邪の契約,魂の嘆壺【邪心】の封印に</br>貢献した,,1,,,,,,,,,,,,
90400302,IE118,破邪の魂,魂の嘆壺【邪心】の封印に</br>大いに貢献した,,1,,,,,,,,,,,,
90400303,IE119,普遍の契約,魂の嘆壺【怠惰】の封印に</br>貢献した,,1,,,,,,,,,,,,
90400304,IE120,普遍の魂,魂の嘆壺【怠惰】の封印に</br>大いに貢献した,,1,,,,,,,,,,,,
90400305,IE121,昇華の契約,魂の嘆壺【退嬰】の封印に</br>貢献した,,1,,,,,,,,,,,,
90400306,IE122,昇華の魂,魂の嘆壺【退嬰】の封印に</br>大いに貢献した,,1,,,,,,,,,,,,
90400307,IE123,マスター・オブ・オド,2012年「夏の精霊祭」で</br>封魔の刻印を手に入れた数がワールドで</br>最高だった証,,1,,,,,,,,,,,,
90400308,IE124,オドの戦士,2012年「夏の精霊祭」で</br>封魔の刻印を手に入れた数がワールドで</br>上位だった証,,1,,,,,,,,,,,,
90400309,IE125,オドは友達,2012年「夏の精霊祭」で</br>数多くの封魔の刻印を手に入れた証,,1,,,,,,,,,,,,
90400310,IE126,気合一発,2012年「夏の精霊祭」で</br>封魔の刻印をそれなりに手に入れた証,,1,,,,,,,,,,,,
90400311,IE127,オドの盆踊り,2012年「夏の精霊祭」で</br>封魔の刻印をいくつか手に入れた証,,1,,,,,,,,,,,,
90400312,IE128,イシークファンクラブ会長,2012年「夏の精霊祭」で</br>封印の証を渡した数がワールドで</br>最高だった証,,1,,,,,,,,,,,,
90400313,IE129,イシーク親衛隊,2012年「夏の精霊祭」で</br>封印の証を渡した数がワールドで</br>上位だった証,,1,,,,,,,,,,,,
90400314,IE130,イシークに夢中,2012年「夏の精霊祭」で</br>数多くの封印の証を渡した証,,1,,,,,,,,,,,,
90400315,IE131,ああ、もう、昇天しろ！,2012年「夏の精霊祭」で</br>封印の証をそれなりに渡した証,,1,,,,,,,,,,,,
90400316,IE132,祖霊の送還者,2012年「夏の精霊祭」で</br>封印の証をいくつか渡した証,,1,,,,,,,,,,,,
90400317,IE133,魔を統べる者,モンスターラッシュボス「キマイラ」に</br>与えたダメージが最高だった証,,1,,,,,,,,,,,,
90400318,IE134,魔を討つ者,モンスターラッシュボス「キマイラ」に</br>与えたダメージが上位だった証,,1,,,,,,,,,,,,
90400319,IE135,魔を祓う者,モンスターラッシュボス「キマイラ」に</br>多くダメージを与えた証,,1,,,,,,,,,,,,
90400320,IE136,デーモンハンター,モンスターラッシュボス「キマイラ」に</br>いくつかダメージを与えた証,,1,,,,,,,,,,,,
90400321,IE137,百花繚乱,モンスターラッシュで最も功績が高い冒険者に贈られる称号</br>戦うあなたの姿は咲き乱れる花のように美しい,,1,,,,,,,,,,,,
90400322,IE138,獅子奮迅,モンスターラッシュで優れた戦果を挙げた冒険者を称える称号</br>先陣を切るあなたの姿は獅子のように勇ましい,,1,,,,,,,,,,,,
90400323,IE139,怒涛の進撃,モンスターラッシュで素晴らしい快進撃を見せた冒険者を称える称号</br>何者にも怯まないあなたの意志は鋼のように強い,,1,,,,,,,,,,,,
90400324,IE140,一矢報いる,モンスターラッシュで強敵に一撃を見舞った冒険者に贈られる称号</br>強敵に毅然と立ち向かうあなたの心は矢のように鋭い,,1,,,,,,,,,,,,
90400325,IE141,孤独を極めし者,孤独の指輪を手に入れた数が</br>2013年「ショコラティエールの憂鬱」</br>ランキングでワールドで最高だった証,,1,,,,,,,,,,,,
90400326,IE142,孤高の戦士,2013年「ショコラティエールの憂鬱」</br>にて数多くの孤独の指輪を手に入れた証,,1,,,,,,,,,,,,
90400327,IE143,寂しくなんかないです,2013年「ショコラティエールの憂鬱」</br>にて孤独の指輪をいくつか手に入れた証,,1,,,,,,,,,,,,
90400328,IE144,キング・オブ・モテ,愛情の指輪を手に入れた数が</br>2013年「ショコラティエールの憂鬱」</br>ランキングでワールドで最高だった証,,1,,,,,,,,,,,,
90400329,IE145,魅惑の冒険者,2013年「ショコラティエールの憂鬱」</br>にて数多くの愛情の指輪を手に入れた証,,1,,,,,,,,,,,,
90400330,IE146,愛くるしい,2013年「ショコラティエールの憂鬱」</br>にて愛情の指輪をいくつか手に入れた証,,1,,,,,,,,,,,,
90400331,IE147,2代目ロッテファンクラブ会長,同情の指輪を手に入れた数が</br>2013年「ショコラティエールの憂鬱」</br>ランキングでワールドで最高だった証,,1,,,,,,,,,,,,
90400332,IE148,やっぱりロッテに夢中,2013年「ショコラティエールの憂鬱」</br>にて数多くの同情の指輪を手に入れた証,,1,,,,,,,,,,,,
90400333,IE149,末永く爆発しろ！,2013年「ショコラティエールの憂鬱」</br>にて同情の指輪をいくつか手に入れた証,,1,,,,,,,,,,,,
90400334,IE150,当代無双,モンスターラッシュで最も功績が高い冒険者に贈られる称号</br>今回のイベントにおいて並ぶものなしの戦果,,1,,,,,,,,,,,,
90400335,IE151,一意奮闘,モンスターラッシュで優れた戦果を挙げた冒険者を称える称号</br>奮い立ち集中して戦った戦果は素晴らしい,,1,,,,,,,,,,,,
90400336,IE152,破竹の蹴散,モンスターラッシュで素晴らしい快進撃を見せた冒険者を称える称号</br>まさに破竹の勢いの戦果でした,,1,,,,,,,,,,,,
90400337,IE153,戦果をあげた,モンスターラッシュで強敵に一撃を見舞った冒険者に贈られる称号</br>強敵に立ち向かい一定の戦果をあげました,,1,,,,,,,,,,,,
90400338,IE154,オドを極めし者,2013年「夏の精霊祭」で</br>封魔の刻印を手に入れた数がワールドで</br>最高だった証,,1,,,,,,,,,,,,
90400339,IE155,オドの戦将,2013年「夏の精霊祭」で</br>封魔の刻印を手に入れた数がワールドで</br>上位だった証,,1,,,,,,,,,,,,
90400340,IE156,オドは親友,2013年「夏の精霊祭」で</br>数多くの封魔の刻印を手に入れた証,,1,,,,,,,,,,,,
90400341,IE157,気合の入った,2013年「夏の精霊祭」で</br>封魔の刻印をそれなりに手に入れた証,,1,,,,,,,,,,,,
90400342,IE158,夏の精霊祭,2013年「夏の精霊祭」で</br>封魔の刻印をいくつか手に入れた証,,1,,,,,,,,,,,,
90400343,IE159,2代目イシークファンクラブ会長,2013年「夏の精霊祭」で</br>封印の証を渡した数がワールドで</br>最高だった証,,1,,,,,,,,,,,,
90400344,IE160,イシーク信奉者,2013年「夏の精霊祭」で</br>封印の証を渡した数がワールドで</br>上位だった証,,1,,,,,,,,,,,,
90400345,IE161,イシークに惹かれた,2013年「夏の精霊祭」で</br>数多くの封印の証を渡した証,,1,,,,,,,,,,,,
90400346,IE162,イシークに従いし者,2013年「夏の精霊祭」で</br>封印の証をそれなりに渡した証,,1,,,,,,,,,,,,
90400347,IE163,RETURN OF ISIC,2013年「夏の精霊祭」で</br>封印の証をいくつか渡した証,,1,,,,,,,,,,,,
90400348,IE164,孤独の王様,孤独の指輪を手に入れた数が</br>2014年「ショコラティエールの憂鬱」</br>ランキングでワールドで最高だった証,,1,,,,,,,,,,,,
90400349,IE165,孤独の果て,2014年「ショコラティエールの憂鬱」</br>にて数多くの孤独の指輪を手に入れた証,,1,,,,,,,,,,,,
90400350,IE166,ひとりでできるもん,2014年「ショコラティエールの憂鬱」</br>にて孤独の指輪をいくつか手に入れた証,,1,,,,,,,,,,,,
90400351,IE167,モテすぎて困る,愛情の指輪を手に入れた数が</br>2014年「ショコラティエールの憂鬱」</br>ランキングでワールドで最高だった証,,1,,,,,,,,,,,,
90400352,IE168,歩くフェロモン,2014年「ショコラティエールの憂鬱」</br>にて数多くの愛情の指輪を手に入れた証,,1,,,,,,,,,,,,
90400353,IE169,魅惑的な,2014年「ショコラティエールの憂鬱」</br>にて愛情の指輪をいくつか手に入れた証,,1,,,,,,,,,,,,
90400354,IE170,3代目ロッテファンクラブ会長,同情の指輪を手に入れた数が</br>2014年「ショコラティエールの憂鬱」</br>ランキングでワールドで最高だった証,,1,,,,,,,,,,,,
90400355,IE171,まだまだロッテに夢中,2014年「ショコラティエールの憂鬱」</br>にて数多くの同情の指輪を手に入れた証,,1,,,,,,,,,,,,
90400356,IE172,ロッテちゃんきゃわわ,2014年「ショコラティエールの憂鬱」</br>にて同情の指輪をいくつか手に入れた証,,1,,,,,,,,,,,,
90400357,IE173,一匹狼,2014年「夏の精霊祭」の射的屋で</br>一匹狼コースを遊んだ,,1,,,,,,,,,,,,
90400358,IE174,群れる羊,2014年「夏の精霊祭」の射的屋で</br>群れる羊コースを遊んだ,,1,,,,,,,,,,,,
90400359,IE175,射的入門,2014年「夏の精霊祭」の射的屋で</br>30以上のスコアを出した,,1,,,,,,,,,,,,
90400360,IE176,黄色いアイツに夢中,2014年「夏の精霊祭」の射的屋で</br>50以上のスコアを出した,,1,,,,,,,,,,,,
90400361,IE177,夏の狩人,2014年「夏の精霊祭」の射的屋で</br>80以上のスコアを出した,,1,,,,,,,,,,,,
90400362,IE178,射的名人,2014年「夏の精霊祭」の射的屋で</br>100以上のスコアを出した,,1,,,,,,,,,,,,
90400363,IE179,シャテキング,2014年「夏の精霊祭」の射的屋で</br>150以上のスコアを出した,,1,,,,,,,,,,,,
90400364,IE180,アリーナの恩人,ノーム族の少女の未来を守った、</br>『あしながおじさん』へ。</br>アリーナ「あの、あの……本当に</br>ありがとうございます！」,,1,,,,,,,,,,,,
90400365,IE181,怪しい液体が大好き！,とても多くの怪しい液体を購入した。</br>販売していた少女は、一体どこに</br>行ってしまったのだろうか……？,,1,,,,,,,,,,,,
90400366,IE182,通りすがりの買い物客,怪しげなレッドポーションの液体は、</br>少し幸せな味がする。,,1,,,,,,,,,,,,
90400367,IE183,通りすがりの買い物客,怪しげなレッドポーションの液体は、</br>ほろ苦い味がする。 ,,1,,,,,,,,,,,,
90400368,IE184,クイズ大会敗退者,クイズ大会で敗退してしまった。</br>知識を磨いて再度挑戦しよう。,,1,,,,,,,,,,,,
90400369,IE185,クイズ優勝者,クイズ大会で全問正解した。</br>まずはおめでとう。</br>そして更なる高みを目指して。,,1,,,,,,,,,,,,
90400370,IE186,クイズ王,クイズ大会で何度も全問正解した。</br>もはやクイズ大会で</br>あなたの右に出るものはいないであろう。,,1,,,,,,,,,,,,
90400371,IE187,やすらぎの肌触り,背中に感じる温もりは</br>心地よい達成感と優越感を</br>感じさせる。,,1,,,,,,,,,,,,
#90400372,,Mr.レッドラム信者,堅実にスタンプを集め続け、</br>Mr.レッドラムからのプレゼントを</br>たくさん受け取った。,,1,,,,,,,,,,,,
90400373,IE188,無類のギャンブラー,スロットミニゲームで大当たりを引いた。</br>もはや運すらも味方につけたか。,,1,,,,,,,,,,,,
#90400374,,Mr.レッドラムスタンプコンプリート,ただひたすらにスタンプを集め続け、</br>Mr.レッドラムからとっておきのプレゼントを</br>貰った。,,1,,,,,,,,,,,,
#90400375,,ギャンブル・アディクト,イベントそっちのけでスロットに没頭。</br>リールが回ってるのを見ているだけで幸せです。,,1,,,,,,,,,,,,
90400376,IE189,よいこのレッドラム後援会長,Mr.レッドラム陣営に着き、</br>見事ユーザーランキングで</br>1位を獲得した。,,1,,,,,,,,,,,,
90400377,IE190,よいこのレッドラム後援会幹部,Mr.レッドラム陣営に着き、</br>ユーザーランキングにおいて</br>上位に入賞した。,,1,,,,,,,,,,,,
90400378,IE191,よいこのレッドラム後援会員,Mr.レッドラム陣営に着き、</br>何度もレッドラムちゃんを</br>こらしめた。,,1,,,,,,,,,,,,
90400379,IE192,レッドラムちゃん崇拝者,レッドラムちゃん陣営に着き、</br>見事ユーザーランキングで</br>1位を獲得した。,,1,,,,,,,,,,,,
90400380,IE193,レッドラムちゃんの下僕,レッドラムちゃん陣営に着き、</br>ユーザーランキングにおいて</br>上位に入賞した。,,1,,,,,,,,,,,,
90400381,IE194,レッドラムちゃんの虜,レッドラムちゃん陣営に着き、</br>何度もMr.レッドラムを</br>抹殺した。,,1,,,,,,,,,,,,
90400382,IE195,＊よいこのための素敵な精霊祭＊,Mr.レッドラム陣営に着き、</br>レッドラムちゃんをこらしめ、</br>素敵な精霊祭を過ごした。,,1,,,,,,,,,,,,
90400383,IE196,＊悲しみのレッドラム後援会＊,Mr.レッドラム陣営に着き、</br>レッドラムちゃんを抑えきれず、</br>悲しみの精霊祭を過ごした。,,1,,,,,,,,,,,,
90400384,IE197,＊大人のためのお楽しみ精霊祭＊,レッドラムちゃん陣営に着き、</br>Mr.レッドラムを再度殺し、</br>大人の精霊祭を満喫した。,,1,,,,,,,,,,,,
90400385,IE198,＊悲しみのレッドラムちゃんファンクラブ＊,レッドラムちゃん陣営に着き、</br>Mr.レッドラムに敗北した。</br>しかし、レッドラムちゃんと過ごした時間は</br>決して無駄ではなかった。ハズ……,,1,,,,,,,,,,,,
90400386,IE199,＊どっちつかずな半端者＊,どちらの陣営にもまともに着かず、</br>半端な精霊祭を過ごした。,,1,,,,,,,,,,,,
90400398,IE200,エオリアのいい人,七夜の戯曲にて</br>エオリアとの物語で大団円を迎えた,,1,,,,,,,,,,,,
90400399,IE201,セリスのいい人,七夜の戯曲にて</br>セリスとの物語で大団円を迎えた,,1,,,,,,,,,,,,
90400400,IE202,シャロのいい人,七夜の戯曲にて</br>二人のシャロとの物語で大団円を迎えた,,1,,,,,,,,,,,,
90400401,IE203,チヌークのいい人,七夜の戯曲にて</br>チヌークとの物語で大団円を迎えた,,1,,,,,,,,,,,,
90400402,IE204,マナトのいい人,七夜の戯曲にて</br>マナトとの物語で大団円を迎えた,,1,,,,,,,,,,,,
90400403,IE205,ドワンのいい人,七夜の戯曲にて</br>ドワンとの物語で大団円を迎えた,,1,,,,,,,,,,,,
90400404,IE206,エオリアの友人,七夜の戯曲にて</br>エオリアとの物語で友情を結んだ,,1,,,,,,,,,,,,
90400405,IE207,セリスの友人,七夜の戯曲にて</br>セリスとの物語で友情を結んだ,,1,,,,,,,,,,,,
90400406,IE208,シャーロットの友人,七夜の戯曲にて</br>シャーロットとの物語で友情を結んだ,,1,,,,,,,,,,,,
90400407,IE209,シャロンの友人,七夜の戯曲にて</br>シャロンとの物語で友情を結んだ,,1,,,,,,,,,,,,
90400408,IE210,チヌークの友人,七夜の戯曲にて</br>チヌークとの物語で友情を結んだ,,1,,,,,,,,,,,,
90400409,IE211,マナトの友人,七夜の戯曲にて</br>マナトとの物語で友情を結んだ,,1,,,,,,,,,,,,
90400410,IE212,ドワンの友人,七夜の戯曲にて</br>ドワンとの物語で友情を結んだ,,1,,,,,,,,,,,,
90400411,IE213,同情するなら愛をくれ,七夜の戯曲にて</br>黒き語り部に同情された,,1,,,,,,,,,,,,
90400412,IE214,孤独死,七夜の戯曲にて</br>悲惨な結末を迎えた,,1,,,,,,,,,,,,
90400413,IE215,愛の語り部,七夜の戯曲にて</br>3種の愛情の物語を経験した,,1,,,,,,,,,,,,
90400414,IE216,友情の語り部,七夜の戯曲にて</br>4種の友情の物語を経験した,,1,,,,,,,,,,,,
90400415,IE217,虚無の担い手,2015年「ショコラティエールの憂鬱」</br>にて膨大な孤独に包まれた証,,1,,,,,,,,,,,,
90400416,IE218,キング・オブ・ロンリネス,2015年「ショコラティエールの憂鬱」</br>にて数多くの孤独の指輪を手に入れた証,,1,,,,,,,,,,,,
90400417,IE219,孤独でグルメ,2015年「ショコラティエールの憂鬱」</br>にて孤独の指輪をそこそこ手に入れた証,,1,,,,,,,,,,,,
90400418,IE220,ソロプレイヤー,2015年「ショコラティエールの憂鬱」</br>にて孤独の指輪をいくつか手に入れた証,,1,,,,,,,,,,,,
90400419,IE221,キング・オブ・リア充,2015年「ショコラティエールの憂鬱」</br>にて膨大な愛情に包まれた証,,1,,,,,,,,,,,,
90400420,IE222,踊るフェロモン,2015年「ショコラティエールの憂鬱」</br>にて数多くの愛情の指輪を手に入れた証,,1,,,,,,,,,,,,
90400421,IE223,誘惑的な,2015年「ショコラティエールの憂鬱」</br>にて愛情の指輪をそこそこ手に入れた証,,1,,,,,,,,,,,,
90400422,IE224,パーティプレイヤー,2015年「ショコラティエールの憂鬱」</br>にて愛情の指輪をいくつか手に入れた証,,1,,,,,,,,,,,,
90400423,IE225,ロッテちゃん崇拝者,2015年「ショコラティエールの憂鬱」</br>にて膨大な同情に包まれた証,,1,,,,,,,,,,,,
90400424,IE226,ロッテファンクラブ親衛隊,2015年「ショコラティエールの憂鬱」</br>にて数多くの同情の指輪を手に入れた証,,1,,,,,,,,,,,,
90400425,IE227,ロッテファンクラブ会員,2015年「ショコラティエールの憂鬱」</br>にて同情の指輪をそこそこ手に入れた証,,1,,,,,,,,,,,,
90400426,IE228,ロッテに五里夢中,2015年「ショコラティエールの憂鬱」</br>にて同情の指輪をいくつか手に入れた証,,1,,,,,,,,,,,,
90400427,IE229,トーチャー,ロッテちゃんを怒らせてはならない。,,1,,,,,,,,,,,,
90400428,IE230,六界輪廻,六界それ即ち、仙界、神界、魔界、妖界、</br>人界、精霊界である。,,1,,,,,,,,,,,,
90400429,IE231,ロッテ教信徒,信じるものは救われる。,,1,,,,,,,,,,,,
90400430,IE232,剣姫,アイズ・ヴァレンシュタインの保護を得た</br>（「ダンまち」コラボレーション称号）,,1,,,,,,,,,,,,
90400431,IE233,ヘスティア・ファミリア,この世界では恩恵を受けることができないが、神「ヘスティア」に認められた</br>（「ダンまち」コラボレーション称号）,,1,,,,,,,,,,,,
90400432,IE234,未完の冒険者,リトル・アドベンチャラー</br>（「ダンまち」コラボレーション称号）,,1,,,,,,,,,,,,
90400433,IE235,強くなりたい,強くありたいと願う冒険者へ</br>（「ダンまち」コラボレーション称号）,,1,,,,,,,,,,,,
90400434,IE236,孤高の太鼓敲き,2015年「夏の精霊祭」の太鼓で</br>一人用コースを遊んだ,,1,,,,,,,,,,,,
90400435,IE237,夏祭りのデュエット,2015年「夏の精霊祭」の太鼓で</br>二人用コースを遊んだ,,1,,,,,,,,,,,,
90400436,IE238,太鼓の初級者,2015年「夏の精霊祭」の太鼓で</br>21以上のスコアを出した,,1,,,,,,,,,,,,
90400437,IE239,太鼓の中級者,2015年「夏の精霊祭」の太鼓で</br>41以上のスコアを出した,,1,,,,,,,,,,,,
90400438,IE240,太鼓の上級者,2015年「夏の精霊祭」の太鼓で</br>61以上のスコアを出した,,1,,,,,,,,,,,,
90400439,IE241,伝説の太鼓敲き,2015年「夏の精霊祭」の太鼓で</br>85以上のスコアを出した,,1,,,,,,,,,,,,
90400440,IE242,異世界探索者,異世界から訪れた探索者へ。</br>（「異世界迷宮の最深部を目指そう」コラボレーション称号）,,1,,,,,,,,,,,,
90400441,IE243,使徒,天から使わされた使徒様なの。</br>（「異世界迷宮の最深部を目指そう」コラボレーション称号）,,1,,,,,,,,,,,,
90400442,IE244,素体,ああ、すばらしい素体！</br>（「異世界迷宮の最深部を目指そう」コラボレーション称号）,,1,,,,,,,,,,,,
90400443,IE245,イルファーロに愛着がある,異郷防衛戦に勝利した,,1,,,,,,,,,,,,
90400444,IE246,イルファーロ警備員,異郷防衛戦に５回勝利した,,1,,,,,,,,,,,,
90400445,IE247,不撓不屈の楯,異郷防衛戦に１０回勝利した,,1,,,,,,,,,,,,
90400446,IE248,物怖じせぬ心と絆の賜物,異郷防衛戦において、人面の悪魔を退けた,,1,,,,,,,,,,,,
90400447,IE249,立派なみつぐクン,１日の限界までレッドラムちゃんに</br>贈り物をした。愛は物量。,,1,,,,,,,,,,,,
90400448,IE250,レッドラムちゃんの守護神,レッドラムちゃんを襲う敵を全滅させた。</br>攻撃は最大の防御。,,1,,,,,,,,,,,,
90400449,IE251,レッドラムちゃんを護りし勇者,時間いっぱいまでレッドラムちゃんを</br>護りきった。,,1,,,,,,,,,,,,
90400450,IE252,レッドラムちゃんの苦笑い,襲い来るMr.レッドラムから</br>レッドラムちゃんを護りきれなかった。,,1,,,,,,,,,,,,
90400451,IE253,レッドラムちゃん防衛隊中堅,レッドラムちゃんと共に防衛戦に</br>そこそこ参加した。,,1,,,,,,,,,,,,
90400452,IE254,レッドラムちゃん防衛隊ベテラン,レッドラムちゃんと共に防衛戦に</br>たくさん参加した。,,1,,,,,,,,,,,,
90400453,IE255,レッドラムちゃんの微笑み,レッドラムちゃんを冬の精霊祭の</br>勝者へと返り咲かせた。,,1,,,,,,,,,,,,
90400454,IE256,Mr.レッドラムの高笑い,レッドラムちゃんに再びの屈辱を</br>味わわせてしまった。,,1,,,,,,,,,,,,
90400455,IE257,目覚めよ,ここがどこなのか、なぜここにいるのか</br>（「灰と幻想のグリムガル」コラボレーション称号）,,1,,,,,,,,,,,,
90400456,IE258,まとめ役,パーティに一人は欲しい</br>（「灰と幻想のグリムガル」コラボレーション称号）,,1,,,,,,,,,,,,
90400457,IE259,不人気ナンバー１,しょうがない</br>（「灰と幻想のグリムガル」コラボレーション称号）,,1,,,,,,,,,,,,
90400458,IE260,ちっぱい,ひんぬーいわんといて！</br>（「灰と幻想のグリムガル」コラボレーション称号）,,1,,,,,,,,,,,,
90400459,IE261,影薄さん,頑張り屋さん</br>（「灰と幻想のグリムガル」コラボレーション称号）,,1,,,,,,,,,,,,
90400460,IE262,くま系,でも頼りになるくま</br>（「灰と幻想のグリムガル」コラボレーション称号）,,1,,,,,,,,,,,,
90400461,IE263,大切なピース,新しいお友だちをご紹介します</br>（「灰と幻想のグリムガル」コラボレーション称号）,,1,,,,,,,,,,,,
90400462,IE264,ゴブリンスレイヤー,調子はどうだ、ゴブリンスレイヤー！</br>（「灰と幻想のグリムガル」コラボレーション称号）,,1,,,,,,,,,,,,
90400463,IE265,ステラのいい人,七夜の戯曲にて</br>ステラとの物語で大団円を迎えた,,1,,,,,,,,,,,,
90400464,IE266,ステラの友人,七夜の戯曲にて</br>ステラとの物語で友情を結んだ,,1,,,,,,,,,,,,
90400465,IE267,真・愛の語り部,七夜の戯曲にて</br>4種の愛情の物語を経験した,,1,,,,,,,,,,,,
90400466,IE268,真・友情の語り部,七夜の戯曲にて</br>5種の友情の物語を経験した,,1,,,,,,,,,,,,
90400467,IE269,愛され上手,2016年「ショコラティエールの憂鬱」</br>にて愛情の指輪をいくつか手に入れた証,,1,,,,,,,,,,,,
90400468,IE270,魅惑の存在,2016年「ショコラティエールの憂鬱」</br>にて愛情の指輪をそこそこ手に入れた証,,1,,,,,,,,,,,,
90400469,IE271,寵愛を受けし者,2016年「ショコラティエールの憂鬱」</br>にて数多くの愛情の指輪を手に入れた証,,1,,,,,,,,,,,,
90400470,IE272,真の愛を知る者,2016年「ショコラティエールの憂鬱」</br>にて膨大な愛情に包まれた証,,1,,,,,,,,,,,,
90400471,IE273,今は1人になりたい…,2016年「ショコラティエールの憂鬱」</br>にて孤独の指輪をいくつか手に入れた証,,1,,,,,,,,,,,,
90400472,IE274,ぼっちだけど何か？,2016年「ショコラティエールの憂鬱」</br>にて孤独の指輪をそこそこ手に入れた証,,1,,,,,,,,,,,,
90400473,IE275,安心してください、孤独ですよ,2016年「ショコラティエールの憂鬱」</br>にて数多くの孤独の指輪を手に入れた証,,1,,,,,,,,,,,,
90400474,IE276,愛を知りたい,2016年「ショコラティエールの憂鬱」</br>にて膨大な孤独に包まれた証,,1,,,,,,,,,,,,
90400475,IE277,もうロッテしか見えない,2016年「ショコラティエールの憂鬱」</br>にて同情の指輪をいくつか手に入れた証,,1,,,,,,,,,,,,
90400476,IE278,ロッテちゃんアイドル化計画メンバー,2016年「ショコラティエールの憂鬱」</br>にて同情の指輪をそこそこ手に入れた証,,1,,,,,,,,,,,,
90400477,IE279,ロッテファンクラブVIP会員,2016年「ショコラティエールの憂鬱」</br>にて数多くの同情の指輪を手に入れた証,,1,,,,,,,,,,,,
90400478,IE280,ロッテなしでは生きられない,2016年「ショコラティエールの憂鬱」</br>にて膨大な同情に包まれた証,,1,,,,,,,,,,,,
90400479,IE281,生命を握られている,あなたとロッテ、互いに後がない,,1,,,,,,,,,,,,
90400480,IE282,正直者,ロッテの問いに正直に答えようとした者の証,,1,,,,,,,,,,,,
#mac01,,,,,,,,,,,,,,,,,
90500101,IF01,ゴールド・オブ・M.A.C01,Monster allocation Center 01</br>のエリアランキング1位,,1,,,,,,,,,,,,
90500102,IF02,シルバー・オブ・M.A.C01,Monster allocation Center 01</br>のエリアランキング2位,,1,,,,,,,,,,,,
90500103,IF03,ブロンズ・オブ・M.A.C01,Monster allocation Center 01</br>のエリアランキング3位,,1,,,,,,,,,,,,
90500104,IF04,アイアン・オブ・M.A.C01,Monster allocation Center 01</br>のエリアランキング4～10位,,1,,,,,,,,,,,,
90510101,IFB01,【M.A.C】回想者,Monster allocation Center 01</br>をクリア,,1,,,,,,,,,,,,
90510102,IFB02,【M.A.C】高速の回想者,Monster allocation Center 01</br>を30分以内にクリア,,1,,,,,,,,,,,,
90600101,IG01,【M.A.C】神罰の執行者,【M.A.C】パニッシャー討伐,,,,,,,,,,,,,,
90600102,IG02,【M.A.C】神速の狙撃手,【M.A.C】レトセックニウ討伐,,,,,,,,,,,,,,
90600103,IG03,【M.A.C】邪教の近衛兵,【M.A.C】イノヴェルチガードマン討伐,,,,,,,,,,,,,,
#mac02,,,,,,,,,,,,,,,,,
90500201,IF05,ゴールド・オブ・M.A.C02,Monster allocation Center 02</br>のエリアランキング1位,,1,,,,,,,,,,,,
90500202,IF06,シルバー・オブ・M.A.C02,Monster allocation Center 02</br>のエリアランキング2位,,1,,,,,,,,,,,,
90500203,IF07,ブロンズ・オブ・M.A.C02,Monster allocation Center 02</br>のエリアランキング3位,,1,,,,,,,,,,,,
90500204,IF08,アイアン・オブ・M.A.C02,Monster allocation Center 02</br>のエリアランキング4～10位,,1,,,,,,,,,,,,
90510201,IFB03,【M.A.C】強敵に挑む者,Monster allocation Center 02</br>をクリア,,1,,,,,,,,,,,,
90510202,IFB04,【M.A.C】高速の挑戦者,Monster allocation Center 02</br>を30分以内にクリア,,1,,,,,,,,,,,,
90600201,IG04,【M.A.C】暗闇の狩人,【M.A.C】アラクノフォビア討伐,,,,,,,,,,,,,,
90600202,IG05,【M.A.C】異界の使者,【M.A.C】ベルモージュ討伐,,,,,,,,,,,,,,
#mac03,,,,,,,,,,,,,,,,,
90500301,IF09,ゴールド・オブ・M.A.C03,Monster allocation Center 03</br>のエリアランキング1位,,1,,,,,,,,,,,,
90500302,IF10,シルバー・オブ・M.A.C03,Monster allocation Center 03</br>のエリアランキング2位,,1,,,,,,,,,,,,
90500303,IF11,ブロンズ・オブ・M.A.C03,Monster allocation Center 03</br>のエリアランキング3位,,1,,,,,,,,,,,,
90500304,IF12,アイアン・オブ・M.A.C03,Monster allocation Center 03</br>のエリアランキング4～10位,,1,,,,,,,,,,,,
90510301,IFB05,【M.A.C】高みを越える者,Monster allocation Center 03</br>をクリア,,1,,,,,,,,,,,,
90510302,IFB06,【M.A.C】高速の卓越者,Monster allocation Center 03</br>を30分以内にクリア,,1,,,,,,,,,,,,
90600301,IG06,【M.A.C】蒼き悪魔殺し,【M.A.C】グレーターデーモン討伐,,,,,,,,,,,,,,
90600302,IG07,【M.A.C】深緑の魔人,【M.A.C】ヴェルデディアブロ討伐,,,,,,,,,,,,,,
#mac共通,,,,,,,,,,,,,,,,,
90520101,IFC01,【M.A.C】孤高の覇者,1人でM.A.Cのいずれかのエリアに挑戦し、</br>クリアする,,1,,,,,,,,,,,,
90520102,IFC02,【M.A.C】双璧をなす者,2人でM.A.Cのいずれかのエリアに挑戦し、</br>クリアする,,1,,,,,,,,,,,,
90530101,IFD01,挑み始めし者,M.A.Cチャレンジ失敗数　1回,,1,,,,,,,,,,,,
90530102,IFD02,七転び八起き,M.A.Cチャレンジ失敗数　7回,,1,,,,,,,,,,,,
90530103,IFD03,へこたれない,M.A.Cチャレンジ失敗数　15回,,1,,,,,,,,,,,,
90530104,IFD04,根性のある,M.A.Cチャレンジ失敗数　30回,,1,,,,,,,,,,,,
90530105,IFD05,何度でもよみがえるさ,M.A.Cチャレンジ失敗数　60回,,1,,,,,,,,,,,,
90530106,IFD06,明日から本気出す,M.A.Cチャレンジ失敗数　90回,,1,,,,,,,,,,,,
90530107,IFD07,不屈の闘志,M.A.Cチャレンジ失敗数　180回,,1,,,,,,,,,,,,
90530108,IFD08,君が倒れるまで殴るのをやめない,M.A.Cチャレンジ失敗数　270回,,1,,,,,,,,,,,,
90530109,IFD09,そこに敵がいる限り,M.A.Cチャレンジ失敗数　360回,,1,,,,,,,,,,,,
90530110,IFD10,勇往邁進,M.A.Cチャレンジ失敗数　450回,,1,,,,,,,,,,,,
90540101,IFE01,偶然見かけた,M.A.Cシークレットファクター</br>達成回数　1回,,1,,,,,,,,,,,,
90540102,IFE02,未知との遭遇,M.A.Cシークレットファクター</br>達成回数　10回,,1,,,,,,,,,,,,
90540103,IFE03,ちょっと通りますよ,M.A.Cシークレットファクター</br>達成回数　50回,,1,,,,,,,,,,,,
90540104,IFE04,マニアック,M.A.Cシークレットファクター</br>達成回数　100回,,1,,,,,,,,,,,,
90540105,IFE05,秘密を暴く者,M.A.Cシークレットファクター</br>達成回数　200回,,1,,,,,,,,,,,,
90550101,IFF01,M.A.C大好き,"累計取得M.A.Cポイント</br>10,000",,1,,,,,,,,,,,,
90550102,IFF02,M.A.C常連,"累計取得M.A.Cポイント</br>100,000",,1,,,,,,,,,,,,
90550103,IFF03,M.A.C中毒,"累計取得M.A.Cポイント</br>250,000",,1,,,,,,,,,,,,
90550104,IFF04,M.A.Cの住人,"累計取得M.A.Cポイント</br>500,000",,1,,,,,,,,,,,,
90550105,IFF05,つい貯めちゃうんだ♪,"累計取得M.A.Cポイント</br>1,000,000",,1,,,,,,,,,,,,
90550106,IFF06,Mr.M.A.C,"累計取得M.A.Cポイント</br>2,500,000",,1,,,,,,,,,,,,
90900101,IJ01,メリィ・ウェザー,メリィ・ウェザーと共にあった者の証,,1,,,,,,,,,,,,
90900102,IJ02,ナイトカイト,ナイトカイトと共にあった者の証,,1,,,,,,,,,,,,
90900103,IJ03,バロウバロウ,バロウバロウと共にあった者の証,,1,,,,,,,,,,,,
90900104,IJ04,リーディンスルー,リーディンスルーと共にあった者の証,,1,,,,,,,,,,,,
90900105,IJ05,ウイルスバスター,ウイルスバスターコラボイベント達成の証,,1,,,,,,,,,,,,
90900106,IJ06,リラローザ,リラローザと共にあった者の証,,1,,,,,,,,,,,,
90900107,IJ07,シュナト,シュナトと共にあった者の証,,1,,,,,,,,,,,,
90900108,IJ08,エゼルシャーン,エゼルシャーンと共にあった者の証,,1,,,,,,,,,,,,
90900109,IJ09,アルバロア,アルバロアと共にあった者の証,,1,,,,,,,,,,,,
90900201,IJ10,奇跡の生還者,最新のダンジョンを逸早くクリアする</br>称号コンテスト最優秀賞受賞作品,,1,,,,,,,,,,,,
90900202,IJ11,浮気性,浮気性なあなたに贈る</br>称号コンテスト優秀賞受賞作品,,1,,,,,,,,,,,,
90900203,IJ12,空中庭園の開拓者,バビリム空中庭園前篇実装後</br>一定期間以内にクリアした証,,1,,,,,,,,,,,,
90900204,IJ13,空中庭園を踏破せし者,バビリム空中庭園後篇実装後</br>一定期間以内にクリアした証,,1,,,,,,,,,,,,
90900205,IJ14,希望の生還者,昏き揺らぎの地実装後</br>一定期間以内にクリアした証,,1,,,,,,,,,,,,
90900206,IJ15,深き坑道の採掘士,イルヴァンボーレ鉱山実装後</br>一定期間以内にクリアした証,,1,,,,,,,,,,,,
90900207,IJ16,狂気を垣間見た,ある期間内に、ミスカトニック大学分校で狂気を垣間見た。,,1,,,,,,,,,,,,
90900208,IJ17,驕りし魂を鎮めたもれ,狂気の館実装後</br>一定期間以内にクリアした証,,1,,,,,,,,,,,,
90900209,IJ18,近衛騎士に相応しき,狂王の試練場実装後</br>一定期間以内にクリアした証,,1,,,,,,,,,,,,
90900210,IJ19,深淵に辿り着きし者,深淵の迷宮実装後</br>一定期間以内にクリアした証,,1,,,,,,,,,,,,
90900211,IJ20,守護者,シャーデの迷宮実装後</br>一定期間以内にクリアした証,,1,,,,,,,,,,,,
90900301,IJ21,ドワーフコンテスト優勝者,冒険者ギルドより、</br>その栄誉を讃えて,,1,,,,,,,,,,,,
90900302,IJ22,ファッションスター,冒険者ギルドより、</br>その栄誉を讃えて,,1,,,,,,,,,,,,
90900303,IJ23,ファッション☆スター,冒険者ギルドより、</br>その輝きを讃えて,,1,,,,,,,,,,,,
90900304,IJ24,種族コンテスト優勝者 ,あなたの輝きを讃え、冒険者ギルドより称号</br>をお贈りします。,,1,,,,,,,,,,,,
90900305,IJ25,春のアザルス一番くじ特賞,文句なし！</br>あなたこそが幸運の体現者です！,,1,,,,,,,,,,,,
90900306,IJ26,春のアザルス一番くじ一等賞,すばらしい幸運！</br>一等賞のくじを引いた。,,1,,,,,,,,,,,,
90900307,IJ27,春のアザルス一番くじ二等賞,二等賞のくじを引いた。,,1,,,,,,,,,,,,
90900308,IJ28,春のアザルス一番くじ三等賞,三等賞のくじを引いた。,,1,,,,,,,,,,,,
90900309,IJ29,春のアザルス一番くじ四等賞,四等賞のくじを引いた。,,1,,,,,,,,,,,,
90900310,IJ30,春のアザルス一番くじ五等賞,五等賞のくじを引いた。,,1,,,,,,,,,,,,
90900311,IJ31,ハズレ,残念ながらハズれてしまいました。,,1,,,,,,,,,,,,
90900312,IJ32,イベンター ,ありがとう！ あなたはアザルス大陸におけ\nる功労者です。格別の感謝を込めて、冒険者\nギルドより称号をお贈りします。今後とも\nよろしくお願いいたします。,,1,,,,,,,,,,,,
90900313,IJ33,冬のアザルス一番くじ特賞,素晴らしい！</br>あなたこそが幸運の体現者です！,,1,,,,,,,,,,,,
90900314,IJ34,冬のアザルス一番くじ一等賞,夢のような幸運！</br>一等賞のくじを引いた。,,1,,,,,,,,,,,,
90900315,IJ35,冬のアザルス一番くじ二等賞,二等賞のくじを引いた。,,1,,,,,,,,,,,,
90900316,IJ36,冬のアザルス一番くじ三等賞,三等賞のくじを引いた。,,1,,,,,,,,,,,,
90900317,IJ37,冬のアザルス一番くじ四等賞,四等賞のくじを引いた。,,1,,,,,,,,,,,,
90900318,IJ38,冬のアザルス一番くじ五等賞,五等賞のくじを引いた。,,1,,,,,,,,,,,,
90900319,IJ39,ハズレⅡ,残念ながらハズれてしまいました。,,1,,,,,,,,,,,,
